race_id,year,round,event_name,circuit,race_date,driver_number,driver_id,driver_abbreviation,driver_name,team_id,team_name,q1_seconds,q2_seconds,q3_seconds,classified_position,finish_position,grid_position,points,status,finished_race,dnf,position_gain,finished_top10,q_best_time,q_gap_to_pole,q_position_normalized,avg_lap_time,median_lap_time,best_lap_time,lap_time_std,lap_time_cv,lap_time_iqr,tire_deg_per_lap,lap_time_trend,num_pit_stops,avg_stint_length,total_laps,valid_laps,invalid_laps,pace_vs_winner,air_temp_start,air_temp_avg,air_temp_range,track_temp_avg,track_temp_range,humidity_avg,humidity_range,pressure_avg,pressure_range,any_rain,rain_pct,wind_speed_avg,wind_direction_dominant,wind_direction_std,is_wet_session,temp_category,weather_stability,team_avg_position,teammate_position,position_vs_teammate,driver_avg_position_last_5,driver_podiums_last_5,driver_wins_last_5,driver_dnf_rate_last_5,driver_avg_points_last_5,driver_prev_position_at_circuit,top_10_finish
2022_R01,2022,1,bahrain_grand_prix,Sakhir,2022-03-20 15:00:00,1,max_verstappen,VER,Max Verstappen,red_bull,Red Bull Racing,91.785,90.757,90.681,19,19.0,2.0,0.0,Fuel pressure,False,True,-17.0,False,90.681,0.12299999999999045,0.05263157894736842,99.45662499999999,98.2755,95.44,5.482825462101848,0.05512780533324803,2.1025000000000063,0.05974945722969925,0.05974945722969925,3.0,13.5,54.0,48.0,6.0,0.9734449999999981,24.929629629629623,23.617791411042944,3.3999999999999986,28.61042944785276,5.9999999999999964,29.49079754601227,22.0,1010.3858895705521,0.7000000000000455,False,0.0,0.3049079754601227,0,140.6959759409968,False,moderate,moderate,18.5,18.0,1.0,,,,,,,0
2022_R01,2022,1,bahrain_grand_prix,Sakhir,2022-03-20 15:00:00,10,gasly,GAS,Pierre Gasly,alphatauri,AlphaTauri,92.096,91.635,92.338,R,20.0,10.0,0.0,Power Unit,False,True,-10.0,False,91.635,1.0769999999999982,0.47368421052631576,100.7060465116279,99.665,97.324,4.733339292183482,0.04700154018693359,1.7010000000000076,-0.055073240712776216,-0.055073240712776216,2.0,15.0,45.0,43.0,2.0,2.222866511627913,24.929629629629623,23.617791411042944,3.3999999999999986,28.61042944785276,5.9999999999999964,29.49079754601227,22.0,1010.3858895705521,0.7000000000000455,False,0.0,0.3049079754601227,0,140.6959759409968,False,moderate,moderate,14.0,8.0,12.0,,,,,,,0
2022_R01,2022,1,bahrain_grand_prix,Sakhir,2022-03-20 15:00:00,11,perez,PER,Sergio Perez,red_bull,Red Bull Racing,92.311,91.008,90.921,18,18.0,4.0,0.0,Fuel pressure,False,True,-14.0,False,90.921,0.36299999999999955,0.15789473684210525,99.50214583333332,98.628,96.089,4.935540074737918,0.04960234810418035,2.457250000000002,-0.03798963308727898,-0.03798963308727898,3.0,14.25,57.0,48.0,9.0,1.0189658333333256,24.929629629629623,23.617791411042944,3.3999999999999986,28.61042944785276,5.9999999999999964,29.49079754601227,22.0,1010.3858895705521,0.7000000000000455,False,0.0,0.3049079754601227,0,140.6959759409968,False,moderate,moderate,18.5,19.0,-1.0,,,,,,,0
2022_R01,2022,1,bahrain_grand_prix,Sakhir,2022-03-20 15:00:00,14,alonso,ALO,Fernando Alonso,alpine,Alpine,92.346,91.621,92.195,9,9.0,8.0,2.0,Finished,True,False,-1.0,True,91.621,1.0629999999999882,0.3684210526315789,101.13695833333334,99.96549999999999,96.733,5.077045475883035,0.050199705029192195,1.5545000000000044,-0.0668927485887994,-0.0668927485887994,3.0,14.25,57.0,48.0,9.0,2.6537783333333493,24.929629629629623,23.617791411042944,3.3999999999999986,28.61042944785276,5.9999999999999964,29.49079754601227,22.0,1010.3858895705521,0.7000000000000455,False,0.0,0.3049079754601227,0,140.6959759409968,False,moderate,moderate,8.0,7.0,2.0,,,,,,,1
2022_R01,2022,1,bahrain_grand_prix,Sakhir,2022-03-20 15:00:00,16,leclerc,LEC,Charles Leclerc,ferrari,Ferrari,91.471,90.932,90.558,1,1.0,1.0,26.0,Finished,True,False,0.0,True,90.558,0.0,0.0,98.48317999999999,97.79050000000001,94.57,4.05878386676882,0.04121296516591788,2.033999999999992,-0.07566247298919443,-0.07566247298919443,3.0,14.25,57.0,50.0,7.0,0.0,24.929629629629623,23.617791411042944,3.3999999999999986,28.61042944785276,5.9999999999999964,29.49079754601227,22.0,1010.3858895705521,0.7000000000000455,False,0.0,0.3049079754601227,0,140.6959759409968,False,moderate,moderate,1.5,2.0,-1.0,,,,,,,1
2022_R01,2022,1,bahrain_grand_prix,Sakhir,2022-03-20 15:00:00,18,stroll,STR,Lance Stroll,aston_martin,Aston Martin,93.032,,,12,12.0,19.0,0.0,Finished,True,False,7.0,False,93.032,2.4739999999999895,0.9473684210526315,101.59368085106388,100.484,97.274,4.687139426625299,0.046136131571968886,2.1995000000000005,-0.08321854764107264,-0.08321854764107264,3.0,14.25,57.0,47.0,10.0,3.1105008510638896,24.929629629629623,23.617791411042944,3.3999999999999986,28.61042944785276,5.9999999999999964,29.49079754601227,22.0,1010.3858895705521,0.7000000000000455,False,0.0,0.3049079754601227,0,140.6959759409968,False,moderate,moderate,14.5,17.0,-5.0,,,,,,,0
2022_R01,2022,1,bahrain_grand_prix,Sakhir,2022-03-20 15:00:00,20,kevin_magnussen,MAG,Kevin Magnussen,haas,Haas F1 Team,91.955,91.461,91.808,5,5.0,7.0,10.0,Finished,True,False,2.0,True,91.461,0.9029999999999916,0.3157894736842105,100.09955102040817,99.384,96.623,4.447441048237853,0.044430179785033344,2.5549999999999926,-0.07696551020408131,-0.07696551020408131,3.0,14.25,57.0,49.0,8.0,1.616371020408181,24.929629629629623,23.617791411042944,3.3999999999999986,28.61042944785276,5.9999999999999964,29.49079754601227,22.0,1010.3858895705521,0.7000000000000455,False,0.0,0.3049079754601227,0,140.6959759409968,False,moderate,moderate,8.0,11.0,-6.0,,,,,,,1
2022_R01,2022,1,bahrain_grand_prix,Sakhir,2022-03-20 15:00:00,22,tsunoda,TSU,Yuki Tsunoda,alphatauri,AlphaTauri,92.75,,,8,8.0,16.0,4.0,Finished,True,False,8.0,True,92.75,2.191999999999993,0.7894736842105263,100.61972916666666,99.5715,97.104,4.622093984054097,0.0459362594426989,2.233000000000004,-0.10892460920538627,-0.10892460920538627,3.0,14.25,57.0,48.0,9.0,2.1365491666666685,24.929629629629623,23.617791411042944,3.3999999999999986,28.61042944785276,5.9999999999999964,29.49079754601227,22.0,1010.3858895705521,0.7000000000000455,False,0.0,0.3049079754601227,0,140.6959759409968,False,moderate,moderate,14.0,20.0,-12.0,,,,,,,1
2022_R01,2022,1,bahrain_grand_prix,Sakhir,2022-03-20 15:00:00,23,albon,ALB,Alexander Albon,williams,Williams,92.726,92.664,,13,13.0,14.0,0.0,Finished,True,False,1.0,False,92.664,2.1059999999999945,0.6842105263157895,101.36491489361701,100.863,97.702,3.758919489923918,0.03708304292337169,2.247000000000014,-0.059429116558742806,-0.059429116558742806,3.0,14.25,57.0,47.0,10.0,2.881734893617022,24.929629629629623,23.617791411042944,3.3999999999999986,28.61042944785276,5.9999999999999964,29.49079754601227,22.0,1010.3858895705521,0.7000000000000455,False,0.0,0.3049079754601227,0,140.6959759409968,False,moderate,moderate,14.5,16.0,-3.0,,,,,,,0
2022_R01,2022,1,bahrain_grand_prix,Sakhir,2022-03-20 15:00:00,24,zhou,ZHO,Guanyu Zhou,alfa,Alfa Romeo,92.493,93.543,,10,10.0,15.0,1.0,Finished,True,False,5.0,True,92.493,1.934999999999988,0.7368421052631579,100.73577551020408,99.842,96.685,4.8035006603921415,0.047684158245305495,2.5990000000000038,-0.10369357142857094,-0.10369357142857094,3.0,14.25,57.0,49.0,8.0,2.252595510204088,24.929629629629623,23.617791411042944,3.3999999999999986,28.61042944785276,5.9999999999999964,29.49079754601227,22.0,1010.3858895705521,0.7000000000000455,False,0.0,0.3049079754601227,0,140.6959759409968,False,moderate,moderate,8.0,6.0,4.0,,,,,,,1
2022_R01,2022,1,bahrain_grand_prix,Sakhir,2022-03-20 15:00:00,27,hulkenberg,HUL,Nico Hulkenberg,aston_martin,Aston Martin,92.777,,,17,17.0,17.0,0.0,Finished,True,False,0.0,False,92.777,2.218999999999994,0.8421052631578947,102.18065957446811,101.036,98.243,4.985202945049503,0.04878812649879543,3.413499999999999,-0.07861077705828018,-0.07861077705828018,3.0,14.25,57.0,47.0,10.0,3.697479574468119,24.929629629629623,23.617791411042944,3.3999999999999986,28.61042944785276,5.9999999999999964,29.49079754601227,22.0,1010.3858895705521,0.7000000000000455,False,0.0,0.3049079754601227,0,140.6959759409968,False,moderate,moderate,14.5,12.0,5.0,,,,,,,0
2022_R01,2022,1,bahrain_grand_prix,Sakhir,2022-03-20 15:00:00,3,ricciardo,RIC,Daniel Ricciardo,mclaren,McLaren,92.945,,,14,14.0,18.0,0.0,Finished,True,False,4.0,False,92.945,2.3869999999999862,0.8947368421052632,101.83146808510642,100.647,97.58,4.818046920066189,0.04731392967878525,3.140500000000003,-0.11182284921369111,-0.11182284921369111,3.0,14.25,57.0,47.0,10.0,3.3482880851064323,24.929629629629623,23.617791411042944,3.3999999999999986,28.61042944785276,5.9999999999999964,29.49079754601227,22.0,1010.3858895705521,0.7000000000000455,False,0.0,0.3049079754601227,0,140.6959759409968,False,moderate,moderate,14.5,15.0,-1.0,,,,,,,0
2022_R01,2022,1,bahrain_grand_prix,Sakhir,2022-03-20 15:00:00,31,ocon,OCO,Esteban Ocon,alpine,Alpine,92.041,91.782,,7,7.0,11.0,6.0,Finished,True,False,4.0,True,91.782,1.2239999999999895,0.5263157894736842,100.88,99.766,97.11,5.518413400456089,0.05470274980626576,2.0430000000000064,-0.059422142857141244,-0.059422142857141244,3.0,14.25,57.0,49.0,8.0,2.3968200000000053,24.929629629629623,23.617791411042944,3.3999999999999986,28.61042944785276,5.9999999999999964,29.49079754601227,22.0,1010.3858895705521,0.7000000000000455,False,0.0,0.3049079754601227,0,140.6959759409968,False,moderate,moderate,8.0,9.0,-2.0,,,,,,,1
2022_R01,2022,1,bahrain_grand_prix,Sakhir,2022-03-20 15:00:00,4,norris,NOR,Lando Norris,mclaren,McLaren,92.239,92.008,,15,15.0,13.0,0.0,Finished,True,False,-2.0,False,92.008,1.4499999999999886,0.631578947368421,101.98967391304345,101.749,96.988,4.8171901355889455,0.04723213586991257,3.3307499999999948,-0.0835390070921983,-0.0835390070921983,3.0,14.25,57.0,46.0,11.0,3.5064939130434567,24.929629629629623,23.617791411042944,3.3999999999999986,28.61042944785276,5.9999999999999964,29.49079754601227,22.0,1010.3858895705521,0.7000000000000455,False,0.0,0.3049079754601227,0,140.6959759409968,False,moderate,moderate,14.5,14.0,1.0,,,,,,,0
2022_R01,2022,1,bahrain_grand_prix,Sakhir,2022-03-20 15:00:00,44,hamilton,HAM,Lewis Hamilton,mercedes,Mercedes,92.285,91.048,91.238,3,3.0,5.0,15.0,Finished,True,False,2.0,True,91.048,0.4899999999999949,0.21052631578947367,99.60168749999998,98.56450000000001,96.228,5.052224625471775,0.05072428743209572,1.6129999999999995,-0.09624701476335261,-0.09624701476335261,3.0,14.25,57.0,48.0,9.0,1.1185074999999927,24.929629629629623,23.617791411042944,3.3999999999999986,28.61042944785276,5.9999999999999964,29.49079754601227,22.0,1010.3858895705521,0.7000000000000455,False,0.0,0.3049079754601227,0,140.6959759409968,False,moderate,moderate,3.5,4.0,-1.0,,,,,,,1
2022_R01,2022,1,bahrain_grand_prix,Sakhir,2022-03-20 15:00:00,47,mick_schumacher,MSC,Mick Schumacher,haas,Haas F1 Team,92.38,91.998,,11,11.0,12.0,0.0,Finished,True,False,1.0,False,91.998,1.4399999999999977,0.5789473684210527,101.34625,100.628,96.956,4.311869656676811,0.0425459220906231,2.4452499999999873,-0.09862907077724956,-0.09862907077724956,2.0,19.0,57.0,48.0,9.0,2.8630700000000076,24.929629629629623,23.617791411042944,3.3999999999999986,28.61042944785276,5.9999999999999964,29.49079754601227,22.0,1010.3858895705521,0.7000000000000455,False,0.0,0.3049079754601227,0,140.6959759409968,False,moderate,moderate,8.0,5.0,6.0,,,,,,,0
2022_R01,2022,1,bahrain_grand_prix,Sakhir,2022-03-20 15:00:00,55,sainz,SAI,Carlos Sainz,ferrari,Ferrari,91.567,90.787,90.687,2,2.0,3.0,18.0,Finished,True,False,1.0,True,90.687,0.12899999999999068,0.10526315789473684,98.59385416666667,98.25399999999999,95.74,3.0813033439486417,0.03125248901153507,2.1627500000000026,-0.05167732305688445,-0.05167732305688445,3.0,14.25,57.0,48.0,9.0,0.1106741666666835,24.929629629629623,23.617791411042944,3.3999999999999986,28.61042944785276,5.9999999999999964,29.49079754601227,22.0,1010.3858895705521,0.7000000000000455,False,0.0,0.3049079754601227,0,140.6959759409968,False,moderate,moderate,1.5,1.0,1.0,,,,,,,1
2022_R01,2022,1,bahrain_grand_prix,Sakhir,2022-03-20 15:00:00,6,latifi,LAT,Nicholas Latifi,williams,Williams,93.634,,,16,16.0,20.0,0.0,Finished,True,False,4.0,False,93.634,3.0759999999999934,1.0,102.09846808510642,101.182,98.251,4.543838641745563,0.04450447422930917,2.471500000000006,-0.09021704440333025,-0.09021704440333025,3.0,14.25,57.0,47.0,10.0,3.615288085106428,24.929629629629623,23.617791411042944,3.3999999999999986,28.61042944785276,5.9999999999999964,29.49079754601227,22.0,1010.3858895705521,0.7000000000000455,False,0.0,0.3049079754601227,0,140.6959759409968,False,moderate,moderate,14.5,13.0,3.0,,,,,,,0
2022_R01,2022,1,bahrain_grand_prix,Sakhir,2022-03-20 15:00:00,63,russell,RUS,George Russell,mercedes,Mercedes,92.269,91.252,92.216,4,4.0,9.0,12.0,Finished,True,False,5.0,True,91.252,0.6939999999999884,0.42105263157894735,99.72641666666668,99.0685,96.302,4.7087436768403945,0.047216613553651136,1.9397500000000036,-0.08267401215805728,-0.08267401215805728,3.0,14.25,57.0,48.0,9.0,1.2432366666666894,24.929629629629623,23.617791411042944,3.3999999999999986,28.61042944785276,5.9999999999999964,29.49079754601227,22.0,1010.3858895705521,0.7000000000000455,False,0.0,0.3049079754601227,0,140.6959759409968,False,moderate,moderate,3.5,3.0,1.0,,,,,,,1
2022_R01,2022,1,bahrain_grand_prix,Sakhir,2022-03-20 15:00:00,77,bottas,BOT,Valtteri Bottas,alfa,Alfa Romeo,91.919,91.717,91.56,6,6.0,6.0,8.0,Finished,True,False,0.0,True,91.56,1.0019999999999953,0.2631578947368421,100.49744897959184,99.777,96.599,4.511984462984961,0.04489650741185695,2.1359999999999957,-0.1065199999999987,-0.1065199999999987,3.0,14.25,57.0,49.0,8.0,2.014268979591847,24.929629629629623,23.617791411042944,3.3999999999999986,28.61042944785276,5.9999999999999964,29.49079754601227,22.0,1010.3858895705521,0.7000000000000455,False,0.0,0.3049079754601227,0,140.6959759409968,False,moderate,moderate,8.0,10.0,-4.0,,,,,,,1
2022_R02,2022,2,saudi_arabian_grand_prix,Jeddah,2022-03-27 17:00:00,1,max_verstappen,VER,Max Verstappen,red_bull,Red Bull Racing,88.928,88.945,88.461,1,1.0,4.0,25.0,Finished,True,False,3.0,True,88.461,0.2609999999999957,0.16666666666666666,93.93032432432433,93.688,91.779,1.3182357328821903,0.014034186961077255,2.0349999999999966,-0.10298696064485378,-0.10298696064485378,1.0,25.0,50.0,37.0,13.0,0.03357432432433427,25.38,25.42039473684211,0.3000000000000007,28.40921052631579,2.6000000000000014,59.66447368421053,9.0,1012.7776315789474,1.5,False,0.0,2.359210526315789,333,98.0774796240755,False,warm,stable,2.5,4.0,-3.0,19.0,0.0,0.0,1.0,0.0,,1
2022_R02,2022,2,saudi_arabian_grand_prix,Jeddah,2022-03-27 17:00:00,10,gasly,GAS,Pierre Gasly,alphatauri,AlphaTauri,89.891,89.418,89.254,8,8.0,9.0,4.0,Finished,True,False,1.0,True,89.254,1.054000000000002,0.4444444444444444,96.14634210526314,96.2185,93.468,1.985465964456975,0.020650457635541068,2.3592499999999887,-0.14694682131524278,-0.14694682131524278,1.0,25.0,50.0,38.0,12.0,2.2495921052631473,25.38,25.42039473684211,0.3000000000000007,28.40921052631579,2.6000000000000014,59.66447368421053,9.0,1012.7776315789474,1.5,False,0.0,2.359210526315789,333,98.0774796240755,False,warm,stable,13.5,19.0,-11.0,20.0,0.0,0.0,1.0,0.0,,1
2022_R02,2022,2,saudi_arabian_grand_prix,Jeddah,2022-03-27 17:00:00,11,perez,PER,Sergio Perez,red_bull,Red Bull Racing,89.705,88.924,88.2,4,4.0,1.0,12.0,Finished,True,False,-3.0,True,88.2,0.0,0.0,94.02125,93.757,92.042,1.3988628111025443,0.014878155854155783,1.566749999999999,-0.09630643500643465,-0.09630643500643465,1.0,25.0,50.0,36.0,14.0,0.12449999999999761,25.38,25.42039473684211,0.3000000000000007,28.40921052631579,2.6000000000000014,59.66447368421053,9.0,1012.7776315789474,1.5,False,0.0,2.359210526315789,333,98.0774796240755,False,warm,stable,2.5,1.0,3.0,18.0,0.0,0.0,1.0,0.0,,1
2022_R02,2022,2,saudi_arabian_grand_prix,Jeddah,2022-03-27 17:00:00,14,alonso,ALO,Fernando Alonso,alpine,Alpine,89.978,89.295,89.147,R,16.0,7.0,0.0,Water pump,False,True,-9.0,False,89.147,0.9470000000000027,0.3333333333333333,96.05999999999997,96.152,93.831,1.5542837135056664,0.01618034263487057,1.747249999999994,-0.13642491657397426,-0.13642491657397426,1.0,18.0,36.0,30.0,6.0,2.1632499999999766,25.38,25.42039473684211,0.3000000000000007,28.40921052631579,2.6000000000000014,59.66447368421053,9.0,1012.7776315789474,1.5,False,0.0,2.359210526315789,333,98.0774796240755,False,warm,stable,11.0,6.0,10.0,9.0,0.0,0.0,0.0,2.0,,0
2022_R02,2022,2,saudi_arabian_grand_prix,Jeddah,2022-03-27 17:00:00,16,leclerc,LEC,Charles Leclerc,ferrari,Ferrari,89.039,88.78,88.225,2,2.0,2.0,19.0,Finished,True,False,0.0,True,88.225,0.024999999999991473,0.05555555555555555,93.89675,93.6695,92.17,1.1219385614704063,0.01194864104956142,1.852000000000018,-0.09067194337194212,-0.09067194337194212,1.0,25.0,50.0,36.0,14.0,0.0,25.38,25.42039473684211,0.3000000000000007,28.40921052631579,2.6000000000000014,59.66447368421053,9.0,1012.7776315789474,1.5,False,0.0,2.359210526315789,333,98.0774796240755,False,warm,stable,2.5,3.0,-1.0,1.0,1.0,1.0,0.0,26.0,,1
2022_R02,2022,2,saudi_arabian_grand_prix,Jeddah,2022-03-27 17:00:00,18,stroll,STR,Lance Stroll,aston_martin,Aston Martin,90.256,91.009,,13,13.0,13.0,0.0,+1 Lap,True,False,0.0,False,90.256,2.0559999999999974,0.6666666666666666,97.35224324324322,96.287,94.446,3.760380576228698,0.03862654265534543,2.4790000000000134,-0.1653105737316269,-0.1653105737316269,1.0,24.5,49.0,37.0,12.0,3.4554932432432253,25.38,25.42039473684211,0.3000000000000007,28.40921052631579,2.6000000000000014,59.66447368421053,9.0,1012.7776315789474,1.5,False,0.0,2.359210526315789,333,98.0774796240755,False,warm,stable,12.5,12.0,1.0,12.0,0.0,0.0,0.0,0.0,,0
2022_R02,2022,2,saudi_arabian_grand_prix,Jeddah,2022-03-27 17:00:00,20,kevin_magnussen,MAG,Kevin Magnussen,haas,Haas F1 Team,89.831,89.546,89.588,9,9.0,10.0,2.0,Finished,True,False,1.0,True,89.546,1.3460000000000036,0.5,95.57981081081083,95.509,92.968,1.8509542259457805,0.01936553556911229,2.2809999999999917,-0.14895661450924327,-0.14895661450924327,1.0,25.0,50.0,37.0,13.0,1.6830608108108294,25.38,25.42039473684211,0.3000000000000007,28.40921052631579,2.6000000000000014,59.66447368421053,9.0,1012.7776315789474,1.5,False,0.0,2.359210526315789,333,98.0774796240755,False,warm,stable,9.0,,,5.0,0.0,0.0,0.0,10.0,,1
2022_R02,2022,2,saudi_arabian_grand_prix,Jeddah,2022-03-27 17:00:00,22,tsunoda,TSU,Yuki Tsunoda,alphatauri,AlphaTauri,,,,R,19.0,19.0,0.0,Power Unit,False,True,0.0,False,,,1.0,,,,,,,,,,,,,,,25.38,25.42039473684211,0.3000000000000007,28.40921052631579,2.6000000000000014,59.66447368421053,9.0,1012.7776315789474,1.5,False,0.0,2.359210526315789,333,98.0774796240755,False,warm,stable,13.5,8.0,11.0,8.0,0.0,0.0,0.0,4.0,,0
2022_R02,2022,2,saudi_arabian_grand_prix,Jeddah,2022-03-27 17:00:00,23,albon,ALB,Alexander Albon,williams,Williams,90.492,,,14,14.0,16.0,0.0,Collision damage,False,True,2.0,False,90.492,2.2920000000000016,0.8333333333333334,97.4200857142857,96.424,94.368,3.819646698871727,0.03920799977608327,2.724000000000018,-0.2098470588235281,-0.2098470588235281,1.0,24.0,48.0,35.0,13.0,3.5233357142857074,25.38,25.42039473684211,0.3000000000000007,28.40921052631579,2.6000000000000014,59.66447368421053,9.0,1012.7776315789474,1.5,False,0.0,2.359210526315789,333,98.0774796240755,False,warm,stable,16.0,18.0,-4.0,13.0,0.0,0.0,0.0,0.0,,0
2022_R02,2022,2,saudi_arabian_grand_prix,Jeddah,2022-03-27 17:00:00,24,zhou,ZHO,Guanyu Zhou,alfa,Alfa Romeo,89.978,89.819,,11,11.0,12.0,0.0,Finished,True,False,1.0,False,89.819,1.6189999999999998,0.6111111111111112,96.58529729729729,96.31,93.924,3.0126089917108283,0.03119117584157531,2.5730000000000075,-0.14480749170222726,-0.14480749170222726,2.0,16.666666666666668,50.0,37.0,13.0,2.6885472972972906,25.38,25.42039473684211,0.3000000000000007,28.40921052631579,2.6000000000000014,59.66447368421053,9.0,1012.7776315789474,1.5,False,0.0,2.359210526315789,333,98.0774796240755,False,warm,stable,13.0,15.0,-4.0,10.0,0.0,0.0,0.0,1.0,,0
2022_R02,2022,2,saudi_arabian_grand_prix,Jeddah,2022-03-27 17:00:00,27,hulkenberg,HUL,Nico Hulkenberg,aston_martin,Aston Martin,90.543,,,12,12.0,17.0,0.0,Finished,True,False,5.0,False,90.543,2.3430000000000035,0.8888888888888888,96.65640540540541,96.594,93.996,2.0347528441156273,0.021051401979840602,1.816999999999993,-0.1500637743006149,-0.1500637743006149,1.0,25.0,50.0,37.0,13.0,2.759655405405411,25.38,25.42039473684211,0.3000000000000007,28.40921052631579,2.6000000000000014,59.66447368421053,9.0,1012.7776315789474,1.5,False,0.0,2.359210526315789,333,98.0774796240755,False,warm,stable,12.5,13.0,-1.0,17.0,0.0,0.0,0.0,0.0,,0
2022_R02,2022,2,saudi_arabian_grand_prix,Jeddah,2022-03-27 17:00:00,3,ricciardo,RIC,Daniel Ricciardo,mclaren,McLaren,90.009,89.773,,R,17.0,14.0,0.0,Gearbox,False,True,-3.0,False,89.773,1.5729999999999933,0.7222222222222222,97.17513793103447,96.035,94.487,3.8506062762351174,0.03962542640246012,2.2409999999999997,-0.231837438423646,-0.231837438423646,1.0,18.0,36.0,29.0,7.0,3.278387931034473,25.38,25.42039473684211,0.3000000000000007,28.40921052631579,2.6000000000000014,59.66447368421053,9.0,1012.7776315789474,1.5,False,0.0,2.359210526315789,333,98.0774796240755,False,warm,stable,12.0,7.0,10.0,14.0,0.0,0.0,0.0,0.0,,0
2022_R02,2022,2,saudi_arabian_grand_prix,Jeddah,2022-03-27 17:00:00,31,ocon,OCO,Esteban Ocon,alpine,Alpine,90.093,89.584,89.068,6,6.0,5.0,8.0,Finished,True,False,-1.0,True,89.068,0.867999999999995,0.2222222222222222,95.60297222222222,95.262,93.103,1.663770579756564,0.017402916887241215,2.356499999999997,-0.14115559845559686,-0.14115559845559686,1.0,25.0,50.0,36.0,14.0,1.7062222222222232,25.38,25.42039473684211,0.3000000000000007,28.40921052631579,2.6000000000000014,59.66447368421053,9.0,1012.7776315789474,1.5,False,0.0,2.359210526315789,333,98.0774796240755,False,warm,stable,11.0,16.0,-10.0,7.0,0.0,0.0,0.0,6.0,,1
2022_R02,2022,2,saudi_arabian_grand_prix,Jeddah,2022-03-27 17:00:00,4,norris,NOR,Lando Norris,mclaren,McLaren,89.957,89.651,,7,7.0,11.0,6.0,Finished,True,False,4.0,True,89.651,1.4509999999999934,0.5555555555555556,95.9090810810811,96.081,92.753,2.1171706929870444,0.022074767781344897,2.8289999999999935,-0.17435870080606775,-0.17435870080606775,1.0,25.0,50.0,37.0,13.0,2.0123310810811006,25.38,25.42039473684211,0.3000000000000007,28.40921052631579,2.6000000000000014,59.66447368421053,9.0,1012.7776315789474,1.5,False,0.0,2.359210526315789,333,98.0774796240755,False,warm,stable,12.0,17.0,-10.0,15.0,0.0,0.0,0.0,0.0,,1
2022_R02,2022,2,saudi_arabian_grand_prix,Jeddah,2022-03-27 17:00:00,44,hamilton,HAM,Lewis Hamilton,mercedes,Mercedes,90.343,,,10,10.0,15.0,1.0,Finished,True,False,5.0,True,90.343,2.1430000000000007,0.7777777777777778,96.0711052631579,95.2775,92.997,3.5516981152870675,0.03696947282492752,2.9525000000000006,-0.1076542291279128,-0.1076542291279128,1.0,25.0,50.0,38.0,12.0,2.1743552631579064,25.38,25.42039473684211,0.3000000000000007,28.40921052631579,2.6000000000000014,59.66447368421053,9.0,1012.7776315789474,1.5,False,0.0,2.359210526315789,333,98.0774796240755,False,warm,stable,7.5,5.0,5.0,3.0,1.0,0.0,0.0,15.0,,1
2022_R02,2022,2,saudi_arabian_grand_prix,Jeddah,2022-03-27 17:00:00,47,mick_schumacher,MSC,Mick Schumacher,haas,Haas F1 Team,90.167,89.92,,W,,,0.0,Withdrew,False,True,,False,89.92,1.7199999999999989,,,,,,,,,,,,,,,,25.38,25.42039473684211,0.3000000000000007,28.40921052631579,2.6000000000000014,59.66447368421053,9.0,1012.7776315789474,1.5,False,0.0,2.359210526315789,333,98.0774796240755,False,warm,stable,9.0,9.0,,11.0,0.0,0.0,0.0,0.0,,0
2022_R02,2022,2,saudi_arabian_grand_prix,Jeddah,2022-03-27 17:00:00,55,sainz,SAI,Carlos Sainz,ferrari,Ferrari,88.855,88.686,88.402,3,3.0,3.0,15.0,Finished,True,False,0.0,True,88.402,0.20199999999999818,0.1111111111111111,94.08240540540541,93.705,92.242,1.3958069840191505,0.014836004436797232,2.1169999999999902,-0.1158636794689423,-0.1158636794689423,1.0,25.0,50.0,37.0,13.0,0.18565540540541292,25.38,25.42039473684211,0.3000000000000007,28.40921052631579,2.6000000000000014,59.66447368421053,9.0,1012.7776315789474,1.5,False,0.0,2.359210526315789,333,98.0774796240755,False,warm,stable,2.5,2.0,1.0,2.0,1.0,0.0,0.0,18.0,,1
2022_R02,2022,2,saudi_arabian_grand_prix,Jeddah,2022-03-27 17:00:00,6,latifi,LAT,Nicholas Latifi,williams,Williams,91.817,,,R,18.0,18.0,0.0,Accident,False,True,0.0,False,91.817,3.6169999999999902,0.9444444444444444,98.89261538461541,98.161,97.53,2.3525737515347416,0.0237891751814335,0.4890000000000043,-0.3295054945054932,-0.3295054945054932,0.0,15.0,15.0,13.0,2.0,4.9958653846154135,25.38,25.42039473684211,0.3000000000000007,28.40921052631579,2.6000000000000014,59.66447368421053,9.0,1012.7776315789474,1.5,False,0.0,2.359210526315789,333,98.0774796240755,False,warm,stable,16.0,14.0,4.0,16.0,0.0,0.0,0.0,0.0,,0
2022_R02,2022,2,saudi_arabian_grand_prix,Jeddah,2022-03-27 17:00:00,63,russell,RUS,George Russell,mercedes,Mercedes,89.68,89.618,89.104,5,5.0,6.0,10.0,Finished,True,False,1.0,True,89.104,0.9039999999999964,0.2777777777777778,94.81365789473683,94.23599999999999,92.821,1.5301042938542213,0.01613801563855874,2.0332499999999953,-0.12174493927125503,-0.12174493927125503,1.0,25.0,50.0,38.0,12.0,0.9169078947368376,25.38,25.42039473684211,0.3000000000000007,28.40921052631579,2.6000000000000014,59.66447368421053,9.0,1012.7776315789474,1.5,False,0.0,2.359210526315789,333,98.0774796240755,False,warm,stable,7.5,10.0,-5.0,4.0,0.0,0.0,0.0,12.0,,1
2022_R02,2022,2,saudi_arabian_grand_prix,Jeddah,2022-03-27 17:00:00,77,bottas,BOT,Valtteri Bottas,alfa,Alfa Romeo,89.683,89.404,89.183,R,15.0,8.0,0.0,Cooling system,False,True,-7.0,False,89.183,0.9830000000000041,0.3888888888888889,97.54254838709677,96.398,93.979,7.2817449687040865,0.07465198612411215,1.9909999999999997,0.13409838709677313,0.13409838709677313,2.0,12.0,36.0,31.0,5.0,3.645798387096775,25.38,25.42039473684211,0.3000000000000007,28.40921052631579,2.6000000000000014,59.66447368421053,9.0,1012.7776315789474,1.5,False,0.0,2.359210526315789,333,98.0774796240755,False,warm,stable,13.0,11.0,4.0,6.0,0.0,0.0,0.0,8.0,,0
2022_R03,2022,3,australian_grand_prix,Melbourne,2022-04-10 05:00:00,1,max_verstappen,VER,Max Verstappen,red_bull,Red Bull Racing,78.58,78.611,78.154,R,18.0,2.0,0.0,Fuel leak,False,True,-16.0,False,78.154,0.28600000000000136,0.05263157894736842,84.60520689655173,83.78,81.677,3.4012542999322877,0.040201477245851554,1.5750000000000028,-0.13169753694581424,-0.13169753694581424,1.0,19.5,39.0,29.0,10.0,1.570355832721944,26.278846153846153,26.69743589743589,1.5999999999999979,37.40833333333334,9.300000000000004,43.65384615384615,8.0,1014.2461538461537,0.6000000000000227,False,0.0,1.8128205128205126,311,78.79450585029323,False,warm,stable,10.0,2.0,16.0,10.0,1.0,1.0,0.5,12.5,,0
2022_R03,2022,3,australian_grand_prix,Melbourne,2022-04-10 05:00:00,10,gasly,GAS,Pierre Gasly,alphatauri,AlphaTauri,79.58,79.226,,9,9.0,11.0,2.0,Finished,True,False,2.0,True,79.226,1.358000000000004,0.5263157894736842,85.43817021276595,84.809,82.731,3.1612868617972163,0.03700087272380354,1.9534999999999911,-0.11316362164662401,-0.11316362164662401,1.0,29.0,58.0,47.0,11.0,2.4033191489361627,26.278846153846153,26.69743589743589,1.5999999999999979,37.40833333333334,9.300000000000004,43.65384615384615,8.0,1014.2461538461537,0.6000000000000227,False,0.0,1.8128205128205126,311,78.79450585029323,False,warm,stable,12.0,15.0,-6.0,14.0,0.0,0.0,0.5,2.0,,1
2022_R03,2022,3,australian_grand_prix,Melbourne,2022-04-10 05:00:00,11,perez,PER,Sergio Perez,red_bull,Red Bull Racing,78.834,78.34,78.24,2,2.0,3.0,18.0,Finished,True,False,1.0,True,78.24,0.3719999999999999,0.10526315789473684,83.98127659574469,83.115,81.094,3.1723732626353742,0.03777476827252847,2.691500000000005,-0.1284067992599453,-0.1284067992599453,1.0,29.0,58.0,47.0,11.0,0.9464255319148975,26.278846153846153,26.69743589743589,1.5999999999999979,37.40833333333334,9.300000000000004,43.65384615384615,8.0,1014.2461538461537,0.6000000000000227,False,0.0,1.8128205128205126,311,78.79450585029323,False,warm,stable,10.0,18.0,-16.0,11.0,0.0,0.0,0.5,6.0,,1
2022_R03,2022,3,australian_grand_prix,Melbourne,2022-04-10 05:00:00,14,alonso,ALO,Fernando Alonso,alpine,Alpine,79.192,78.815,,17,17.0,10.0,0.0,+1 Lap,True,False,-7.0,False,78.815,0.9470000000000027,0.47368421052631576,85.65897826086957,84.9115,80.846,3.4543947049077475,0.04032729288910713,1.4297499999999985,-0.01301418439716261,-0.01301418439716261,2.0,19.0,57.0,46.0,11.0,2.6241271970397833,26.278846153846153,26.69743589743589,1.5999999999999979,37.40833333333334,9.300000000000004,43.65384615384615,8.0,1014.2461538461537,0.6000000000000227,False,0.0,1.8128205128205126,311,78.79450585029323,False,warm,stable,12.0,7.0,10.0,12.5,0.0,0.0,0.5,1.0,,0
2022_R03,2022,3,australian_grand_prix,Melbourne,2022-04-10 05:00:00,16,leclerc,LEC,Charles Leclerc,ferrari,Ferrari,78.881,78.606,77.868,1,1.0,1.0,26.0,Finished,True,False,0.0,True,77.868,0.0,0.0,83.03485106382979,82.394,80.26,2.734110490266985,0.032927264338262555,1.9594999999999914,-0.09601167900092553,-0.09601167900092553,1.0,29.0,58.0,47.0,11.0,0.0,26.278846153846153,26.69743589743589,1.5999999999999979,37.40833333333334,9.300000000000004,43.65384615384615,8.0,1014.2461538461537,0.6000000000000227,False,0.0,1.8128205128205126,311,78.79450585029323,False,warm,stable,10.5,20.0,-19.0,1.5,2.0,1.0,0.0,22.5,,1
2022_R03,2022,3,australian_grand_prix,Melbourne,2022-04-10 05:00:00,18,stroll,STR,Lance Stroll,aston_martin,Aston Martin,,,,12,12.0,19.0,0.0,Finished,True,False,7.0,False,,,0.9473684210526315,85.46155319148936,84.966,83.592,2.612803240636973,0.03057284993150777,1.5229999999999961,-0.10771820074005549,-0.10771820074005549,3.0,14.5,58.0,47.0,11.0,2.426702127659567,26.278846153846153,26.69743589743589,1.5999999999999979,37.40833333333334,9.300000000000004,43.65384615384615,8.0,1014.2461538461537,0.6000000000000227,False,0.0,1.8128205128205126,311,78.79450585029323,False,warm,stable,15.5,19.0,-7.0,12.5,0.0,0.0,0.5,0.0,,0
2022_R03,2022,3,australian_grand_prix,Melbourne,2022-04-10 05:00:00,20,kevin_magnussen,MAG,Kevin Magnussen,haas,Haas F1 Team,80.254,,,14,14.0,16.0,0.0,+1 Lap,True,False,2.0,False,80.254,2.38600000000001,0.7894736842105263,85.21876086956522,85.06,83.071,2.4550459709186048,0.02880874992627818,1.5189999999999912,-0.10019728646315203,-0.10019728646315203,1.0,28.5,57.0,46.0,11.0,2.183909805735425,26.278846153846153,26.69743589743589,1.5999999999999979,37.40833333333334,9.300000000000004,43.65384615384615,8.0,1014.2461538461537,0.6000000000000227,False,0.0,1.8128205128205126,311,78.79450585029323,False,warm,stable,13.5,13.0,1.0,7.0,0.0,0.0,0.0,6.0,,0
2022_R03,2022,3,australian_grand_prix,Melbourne,2022-04-10 05:00:00,22,tsunoda,TSU,Yuki Tsunoda,alphatauri,AlphaTauri,79.742,79.424,,15,15.0,13.0,0.0,+1 Lap,True,False,-2.0,False,79.424,1.5560000000000116,0.631578947368421,85.80786956521739,85.12,83.342,3.19619418551151,0.03724826407771697,1.8882499999999993,-0.11440024668516749,-0.11440024668516749,1.0,28.5,57.0,46.0,11.0,2.7730185013875968,26.278846153846153,26.69743589743589,1.5999999999999979,37.40833333333334,9.300000000000004,43.65384615384615,8.0,1014.2461538461537,0.6000000000000227,False,0.0,1.8128205128205126,311,78.79450585029323,False,warm,stable,12.0,9.0,6.0,13.5,0.0,0.0,0.5,2.0,,0
2022_R03,2022,3,australian_grand_prix,Melbourne,2022-04-10 05:00:00,23,albon,ALB,Alexander Albon,williams,Williams,80.135,,,10,10.0,20.0,1.0,Finished,True,False,10.0,True,80.135,2.26700000000001,1.0,85.48382978723404,84.946,82.589,3.5286219955939013,0.041278239456239915,3.0180000000000007,-0.0965313367252539,-0.0965313367252539,1.0,29.0,58.0,47.0,11.0,2.4489787234042524,26.278846153846153,26.69743589743589,1.5999999999999979,37.40833333333334,9.300000000000004,43.65384615384615,8.0,1014.2461538461537,0.6000000000000227,False,0.0,1.8128205128205126,311,78.79450585029323,False,warm,stable,13.0,16.0,-6.0,13.5,0.0,0.0,0.5,0.0,,1
2022_R03,2022,3,australian_grand_prix,Melbourne,2022-04-10 05:00:00,24,zhou,ZHO,Guanyu Zhou,alfa,Alfa Romeo,79.91,80.155,,11,11.0,14.0,0.0,Finished,True,False,3.0,False,79.91,2.0420000000000016,0.6842105263157895,85.6668085106383,84.889,82.541,3.4556074570641417,0.040337763448197284,2.2959999999999923,-0.12643628584643826,-0.12643628584643826,1.0,29.0,58.0,47.0,11.0,2.6319574468085136,26.278846153846153,26.69743589743589,1.5999999999999979,37.40833333333334,9.300000000000004,43.65384615384615,8.0,1014.2461538461537,0.6000000000000227,False,0.0,1.8128205128205126,311,78.79450585029323,False,warm,stable,9.5,8.0,3.0,10.5,0.0,0.0,0.0,0.5,,0
2022_R03,2022,3,australian_grand_prix,Melbourne,2022-04-10 05:00:00,3,ricciardo,RIC,Daniel Ricciardo,mclaren,McLaren,79.665,79.13,79.032,6,6.0,7.0,8.0,Finished,True,False,1.0,True,79.032,1.1640000000000015,0.3157894736842105,84.84348936170213,84.466,82.451,3.107121454591052,0.03662180183732035,2.1865000000000094,-0.1187213228492139,-0.1187213228492139,1.0,29.0,58.0,47.0,11.0,1.808638297872335,26.278846153846153,26.69743589743589,1.5999999999999979,37.40833333333334,9.300000000000004,43.65384615384615,8.0,1014.2461538461537,0.6000000000000227,False,0.0,1.8128205128205126,311,78.79450585029323,False,warm,stable,5.5,5.0,1.0,15.5,0.0,0.0,0.5,0.0,,1
2022_R03,2022,3,australian_grand_prix,Melbourne,2022-04-10 05:00:00,31,ocon,OCO,Esteban Ocon,alpine,Alpine,79.605,79.136,79.061,7,7.0,8.0,6.0,Finished,True,False,1.0,True,79.061,1.193000000000012,0.3684210526315789,85.05757446808511,84.541,82.469,3.2669708729266835,0.038408935281272344,2.4055000000000035,-0.13178584643848365,-0.13178584643848365,1.0,29.0,58.0,47.0,11.0,2.0227234042553164,26.278846153846153,26.69743589743589,1.5999999999999979,37.40833333333334,9.300000000000004,43.65384615384615,8.0,1014.2461538461537,0.6000000000000227,False,0.0,1.8128205128205126,311,78.79450585029323,False,warm,stable,12.0,17.0,-10.0,6.5,0.0,0.0,0.0,7.0,,1
2022_R03,2022,3,australian_grand_prix,Melbourne,2022-04-10 05:00:00,4,norris,NOR,Lando Norris,mclaren,McLaren,79.28,79.066,78.703,5,5.0,4.0,10.0,Finished,True,False,-1.0,True,78.703,0.835000000000008,0.15789473684210525,84.78940425531916,84.526,82.248,2.9607748593582026,0.034919161012650496,2.244000000000014,-0.11120860314523709,-0.11120860314523709,1.0,29.0,58.0,47.0,11.0,1.7545531914893644,26.278846153846153,26.69743589743589,1.5999999999999979,37.40833333333334,9.300000000000004,43.65384615384615,8.0,1014.2461538461537,0.6000000000000227,False,0.0,1.8128205128205126,311,78.79450585029323,False,warm,stable,5.5,6.0,-1.0,11.0,0.0,0.0,0.0,3.0,,1
2022_R03,2022,3,australian_grand_prix,Melbourne,2022-04-10 05:00:00,44,hamilton,HAM,Lewis Hamilton,mercedes,Mercedes,79.401,79.106,78.825,4,4.0,5.0,12.0,Finished,True,False,1.0,True,78.825,0.9570000000000078,0.21052631578947367,83.99855319148938,83.285,81.886,2.76892506853339,0.03296396144134937,2.3644999999999925,-0.1145253237742837,-0.1145253237742837,1.0,29.0,58.0,47.0,11.0,0.9637021276595874,26.278846153846153,26.69743589743589,1.5999999999999979,37.40833333333334,9.300000000000004,43.65384615384615,8.0,1014.2461538461537,0.6000000000000227,False,0.0,1.8128205128205126,311,78.79450585029323,False,warm,stable,3.5,3.0,1.0,6.5,1.0,0.0,0.0,8.0,,1
2022_R03,2022,3,australian_grand_prix,Melbourne,2022-04-10 05:00:00,47,mick_schumacher,MSC,Mick Schumacher,haas,Haas F1 Team,80.104,80.465,,13,13.0,15.0,0.0,+1 Lap,True,False,2.0,False,80.104,2.236000000000004,0.7368421052631579,85.71497826086956,84.577,83.006,3.5334213164462716,0.041222915622663614,1.7902499999999861,-0.13178717237126125,-0.13178717237126125,1.0,28.5,57.0,46.0,11.0,2.6801271970397664,26.278846153846153,26.69743589743589,1.5999999999999979,37.40833333333334,9.300000000000004,43.65384615384615,8.0,1014.2461538461537,0.6000000000000227,False,0.0,1.8128205128205126,311,78.79450585029323,False,warm,stable,13.5,14.0,-1.0,11.0,0.0,0.0,0.5,0.0,,0
2022_R03,2022,3,australian_grand_prix,Melbourne,2022-04-10 05:00:00,5,vettel,VET,Sebastian Vettel,aston_martin,Aston Martin,81.149,,,R,19.0,17.0,0.0,Accident,False,True,-2.0,False,81.149,3.281000000000006,0.8421052631578947,87.25605882352941,86.074,85.189,3.8131074019523137,0.04370020206463959,1.2580000000000098,-0.40395588235294205,-0.40395588235294205,0.0,23.0,23.0,17.0,6.0,4.221207759699624,26.278846153846153,26.69743589743589,1.5999999999999979,37.40833333333334,9.300000000000004,43.65384615384615,8.0,1014.2461538461537,0.6000000000000227,False,0.0,1.8128205128205126,311,78.79450585029323,False,warm,stable,15.5,12.0,7.0,,,,,,,0
2022_R03,2022,3,australian_grand_prix,Melbourne,2022-04-10 05:00:00,55,sainz,SAI,Carlos Sainz,ferrari,Ferrari,78.983,78.469,79.408,R,20.0,9.0,0.0,Spun off,False,True,-11.0,False,78.469,0.6009999999999991,0.42105263157894735,,,,,,,,,,,,,,,26.278846153846153,26.69743589743589,1.5999999999999979,37.40833333333334,9.300000000000004,43.65384615384615,8.0,1014.2461538461537,0.6000000000000227,False,0.0,1.8128205128205126,311,78.79450585029323,False,warm,stable,10.5,1.0,19.0,2.5,2.0,0.0,0.0,16.5,,0
2022_R03,2022,3,australian_grand_prix,Melbourne,2022-04-10 05:00:00,6,latifi,LAT,Nicholas Latifi,williams,Williams,81.372,,,16,16.0,18.0,0.0,+1 Lap,True,False,2.0,False,81.372,3.504000000000005,0.8947368421052632,86.13023913043479,85.1515,83.882,3.9020646511232866,0.045304235661229715,1.5177500000000066,-0.15249256860931162,-0.15249256860931162,2.0,19.0,57.0,46.0,11.0,3.095388066604997,26.278846153846153,26.69743589743589,1.5999999999999979,37.40833333333334,9.300000000000004,43.65384615384615,8.0,1014.2461538461537,0.6000000000000227,False,0.0,1.8128205128205126,311,78.79450585029323,False,warm,stable,13.0,10.0,6.0,17.0,0.0,0.0,0.5,0.0,,0
2022_R03,2022,3,australian_grand_prix,Melbourne,2022-04-10 05:00:00,63,russell,RUS,George Russell,mercedes,Mercedes,79.405,79.076,78.933,3,3.0,6.0,15.0,Finished,True,False,3.0,True,78.933,1.065000000000012,0.2631578947368421,83.7386170212766,83.588,81.495,1.9734424849594956,0.023566695452566126,2.4254999999999995,-0.11265321461609616,-0.11265321461609616,1.0,29.0,58.0,47.0,11.0,0.7037659574468051,26.278846153846153,26.69743589743589,1.5999999999999979,37.40833333333334,9.300000000000004,43.65384615384615,8.0,1014.2461538461537,0.6000000000000227,False,0.0,1.8128205128205126,311,78.79450585029323,False,warm,stable,3.5,4.0,-1.0,4.5,0.0,0.0,0.0,11.0,,1
2022_R03,2022,3,australian_grand_prix,Melbourne,2022-04-10 05:00:00,77,bottas,BOT,Valtteri Bottas,alfa,Alfa Romeo,79.251,79.41,,8,8.0,12.0,4.0,Finished,True,False,4.0,True,79.251,1.3830000000000098,0.5789473684210527,85.15297872340426,84.62,81.651,3.19877247168729,0.03756500969951517,1.8980000000000103,-0.1319528214616101,-0.1319528214616101,1.0,29.0,58.0,47.0,11.0,2.118127659574469,26.278846153846153,26.69743589743589,1.5999999999999979,37.40833333333334,9.300000000000004,43.65384615384615,8.0,1014.2461538461537,0.6000000000000227,False,0.0,1.8128205128205126,311,78.79450585029323,False,warm,stable,9.5,11.0,-3.0,10.5,0.0,0.0,0.5,4.0,,1
2022_R04,2022,4,emilia_romagna_grand_prix,Imola,2022-04-24 13:00:00,1,max_verstappen,VER,Max Verstappen,red_bull,Red Bull Racing,79.295,78.793,87.999,1,1.0,1.0,26.0,Finished,True,False,0.0,True,78.793,0.0,0.0,84.71678571428572,80.93950000000001,78.446,6.889338056906314,0.08132199538520228,9.68225000000001,-0.23603670539986404,-0.23603670539986404,2.0,21.0,63.0,56.0,7.0,0.0,11.940384615384618,12.899367088607592,3.0999999999999996,17.41898734177215,3.5000000000000018,83.17088607594937,17.0,1001.0386075949366,1.0,False,0.0,1.482278481012658,70,63.43505218221227,False,cold,moderate,1.5,2.0,-1.0,12.666666666666666,1.0,1.0,0.6666666666666666,8.333333333333334,,1
2022_R04,2022,4,emilia_romagna_grand_prix,Imola,2022-04-24 13:00:00,10,gasly,GAS,Pierre Gasly,alphatauri,AlphaTauri,80.732,,,12,12.0,17.0,0.0,+1 Lap,True,False,5.0,False,80.732,1.938999999999993,0.8888888888888888,86.28454545454545,82.528,81.713,6.8217810556367,0.07906144744345212,10.153000000000006,-0.30443975468975326,-0.30443975468975326,1.0,31.0,62.0,55.0,7.0,1.5677597402597314,11.940384615384618,12.899367088607592,3.0999999999999996,17.41898734177215,3.5000000000000018,83.17088607594937,17.0,1001.0386075949366,1.0,False,0.0,1.482278481012658,70,63.43505218221227,False,cold,moderate,9.5,7.0,5.0,12.333333333333334,0.0,0.0,0.3333333333333333,2.0,,0
2022_R04,2022,4,emilia_romagna_grand_prix,Imola,2022-04-24 13:00:00,11,perez,PER,Sergio Perez,red_bull,Red Bull Racing,79.773,79.296,89.808,2,2.0,3.0,18.0,Finished,True,False,1.0,True,79.296,0.5030000000000001,0.1111111111111111,84.97407142857143,81.2995,78.949,7.14521411564703,0.08408699260283466,9.765500000000017,-0.2453790157211211,-0.2453790157211211,2.0,21.0,63.0,56.0,7.0,0.25728571428571456,11.940384615384618,12.899367088607592,3.0999999999999996,17.41898734177215,3.5000000000000018,83.17088607594937,17.0,1001.0386075949366,1.0,False,0.0,1.482278481012658,70,63.43505218221227,False,cold,moderate,1.5,1.0,1.0,8.0,1.0,0.0,0.3333333333333333,10.0,,1
2022_R04,2022,4,emilia_romagna_grand_prix,Imola,2022-04-24 13:00:00,14,alonso,ALO,Fernando Alonso,alpine,Alpine,80.198,79.595,89.202,R,19.0,9.0,0.0,Collision damage,False,True,-10.0,False,79.595,0.8019999999999925,0.4444444444444444,,,,,,,,,,,,,,,11.940384615384618,12.899367088607592,3.0999999999999996,17.41898734177215,3.5000000000000018,83.17088607594937,17.0,1001.0386075949366,1.0,False,0.0,1.482278481012658,70,63.43505218221227,False,cold,moderate,16.5,14.0,5.0,14.0,0.0,0.0,0.6666666666666666,0.6666666666666666,,0
2022_R04,2022,4,emilia_romagna_grand_prix,Imola,2022-04-24 13:00:00,16,leclerc,LEC,Charles Leclerc,ferrari,Ferrari,78.796,79.584,88.778,6,6.0,2.0,8.0,Finished,True,False,-4.0,True,78.796,0.0030000000000001137,0.05555555555555555,85.22812499999999,81.2085,78.574,8.023665109168684,0.0941433958469541,10.022499999999994,-0.21651930963773203,-0.21651930963773203,3.0,15.75,63.0,56.0,7.0,0.5113392857142713,11.940384615384618,12.899367088607592,3.0999999999999996,17.41898734177215,3.5000000000000018,83.17088607594937,17.0,1001.0386075949366,1.0,False,0.0,1.482278481012658,70,63.43505218221227,False,cold,moderate,13.0,20.0,-14.0,1.3333333333333333,3.0,2.0,0.0,23.666666666666668,,1
2022_R04,2022,4,emilia_romagna_grand_prix,Imola,2022-04-24 13:00:00,18,stroll,STR,Lance Stroll,aston_martin,Aston Martin,80.342,88.119,,10,10.0,15.0,1.0,+1 Lap,True,False,5.0,True,80.342,1.5489999999999924,0.7777777777777778,86.20607272727273,82.304,81.75,6.966239130566968,0.08080914615616264,10.087000000000018,-0.29665909090908943,-0.29665909090908943,1.0,31.0,62.0,55.0,7.0,1.4892870129870062,11.940384615384618,12.899367088607592,3.0999999999999996,17.41898734177215,3.5000000000000018,83.17088607594937,17.0,1001.0386075949366,1.0,False,0.0,1.482278481012658,70,63.43505218221227,False,cold,moderate,9.0,8.0,2.0,12.333333333333334,0.0,0.0,0.3333333333333333,0.0,,1
2022_R04,2022,4,emilia_romagna_grand_prix,Imola,2022-04-24 13:00:00,20,kevin_magnussen,MAG,Kevin Magnussen,haas,Haas F1 Team,80.147,79.902,89.164,9,9.0,8.0,2.0,Finished,True,False,-1.0,True,79.902,1.1089999999999947,0.3888888888888889,85.87924561403509,82.2,81.238,7.199214102150074,0.0838294986253759,9.705000000000013,-0.28493019185895824,-0.28493019185895824,1.0,31.5,63.0,57.0,6.0,1.162459899749365,11.940384615384618,12.899367088607592,3.0999999999999996,17.41898734177215,3.5000000000000018,83.17088607594937,17.0,1001.0386075949366,1.0,False,0.0,1.482278481012658,70,63.43505218221227,False,cold,moderate,13.0,17.0,-8.0,9.333333333333334,0.0,0.0,0.3333333333333333,4.0,,1
2022_R04,2022,4,emilia_romagna_grand_prix,Imola,2022-04-24 13:00:00,22,tsunoda,TSU,Yuki Tsunoda,alphatauri,AlphaTauri,80.474,,,7,7.0,12.0,6.0,Finished,True,False,5.0,True,80.474,1.6809999999999974,0.6111111111111112,85.60589285714286,81.7045,80.544,7.223045184253401,0.08437556041039199,11.002749999999992,-0.31597142857142874,-0.31597142857142874,1.0,31.5,63.0,56.0,7.0,0.8891071428571422,11.940384615384618,12.899367088607592,3.0999999999999996,17.41898734177215,3.5000000000000018,83.17088607594937,17.0,1001.0386075949366,1.0,False,0.0,1.482278481012658,70,63.43505218221227,False,cold,moderate,9.5,12.0,-5.0,14.0,0.0,0.0,0.6666666666666666,1.3333333333333333,,1
2022_R04,2022,4,emilia_romagna_grand_prix,Imola,2022-04-24 13:00:00,23,albon,ALB,Alexander Albon,williams,Williams,,,,11,11.0,18.0,0.0,+1 Lap,True,False,7.0,False,,,0.9444444444444444,86.27541818181817,82.434,81.757,6.833649281831102,0.07920737361631516,8.78500000000001,-0.30412489177489044,-0.30412489177489044,1.0,31.0,62.0,55.0,7.0,1.5586324675324477,11.940384615384618,12.899367088607592,3.0999999999999996,17.41898734177215,3.5000000000000018,83.17088607594937,17.0,1001.0386075949366,1.0,False,0.0,1.482278481012658,70,63.43505218221227,False,cold,moderate,13.5,16.0,-5.0,12.333333333333334,0.0,0.0,0.3333333333333333,0.3333333333333333,,0
2022_R04,2022,4,emilia_romagna_grand_prix,Imola,2022-04-24 13:00:00,24,zhou,ZHO,Guanyu Zhou,alfa,Alfa Romeo,79.73,81.434,,15,15.0,0.0,0.0,+1 Lap,True,False,-15.0,False,79.73,0.9369999999999976,-0.05555555555555555,86.34110714285714,82.64,81.286,7.497829071692132,0.08683962158704395,11.375,-0.3202539302802469,-0.3202539302802469,1.0,31.0,62.0,56.0,6.0,1.6243214285714203,11.940384615384618,12.899367088607592,3.0999999999999996,17.41898734177215,3.5000000000000018,83.17088607594937,17.0,1001.0386075949366,1.0,False,0.0,1.482278481012658,70,63.43505218221227,False,cold,moderate,10.0,5.0,10.0,10.666666666666666,0.0,0.0,0.0,0.3333333333333333,,0
2022_R04,2022,4,emilia_romagna_grand_prix,Imola,2022-04-24 13:00:00,3,ricciardo,RIC,Daniel Ricciardo,mclaren,McLaren,79.98,80.031,89.742,18,18.0,6.0,0.0,+1 Lap,True,False,-12.0,False,79.98,1.1869999999999976,0.2777777777777778,87.20424074074077,83.4205,81.577,7.667874340598868,0.08793006252294022,9.829750000000004,-0.31635871926815473,-0.31635871926815473,3.0,15.5,62.0,54.0,8.0,2.487455026455052,11.940384615384618,12.899367088607592,3.0999999999999996,17.41898734177215,3.5000000000000018,83.17088607594937,17.0,1001.0386075949366,1.0,False,0.0,1.482278481012658,70,63.43505218221227,False,cold,moderate,10.5,3.0,15.0,12.333333333333334,0.0,0.0,0.3333333333333333,2.6666666666666665,,0
2022_R04,2022,4,emilia_romagna_grand_prix,Imola,2022-04-24 13:00:00,31,ocon,OCO,Esteban Ocon,alpine,Alpine,82.338,,,14,14.0,16.0,0.0,+1 Lap,True,False,2.0,False,82.338,3.5449999999999875,0.8333333333333334,86.26096363636364,82.293,81.887,6.894068959146551,0.07992107517148499,10.401499999999984,-0.29843145743145555,-0.29843145743145555,1.0,31.0,62.0,55.0,7.0,1.544177922077921,11.940384615384618,12.899367088607592,3.0999999999999996,17.41898734177215,3.5000000000000018,83.17088607594937,17.0,1001.0386075949366,1.0,False,0.0,1.482278481012658,70,63.43505218221227,False,cold,moderate,16.5,19.0,-5.0,6.666666666666667,0.0,0.0,0.0,6.666666666666667,,0
2022_R04,2022,4,emilia_romagna_grand_prix,Imola,2022-04-24 13:00:00,4,norris,NOR,Lando Norris,mclaren,McLaren,80.168,79.294,89.131,3,3.0,5.0,15.0,Finished,True,False,2.0,True,79.294,0.5009999999999906,0.2222222222222222,85.17728070175438,81.768,80.903,6.328094530274119,0.07429322089339464,9.763000000000005,-0.2632631578947378,-0.2632631578947378,1.0,31.5,63.0,57.0,6.0,0.4604949874686639,11.940384615384618,12.899367088607592,3.0999999999999996,17.41898734177215,3.5000000000000018,83.17088607594937,17.0,1001.0386075949366,1.0,False,0.0,1.482278481012658,70,63.43505218221227,False,cold,moderate,10.5,18.0,-15.0,9.0,0.0,0.0,0.0,5.333333333333333,,1
2022_R04,2022,4,emilia_romagna_grand_prix,Imola,2022-04-24 13:00:00,44,hamilton,HAM,Lewis Hamilton,mercedes,Mercedes,80.47,81.138,,13,13.0,14.0,0.0,+1 Lap,True,False,1.0,False,80.47,1.6769999999999925,0.7222222222222222,86.31885454545453,82.587,81.419,7.233434864669353,0.08379901358468918,9.792999999999992,-0.2984920634920632,-0.2984920634920632,1.0,31.0,62.0,55.0,7.0,1.6020688311688076,11.940384615384618,12.899367088607592,3.0999999999999996,17.41898734177215,3.5000000000000018,83.17088607594937,17.0,1001.0386075949366,1.0,False,0.0,1.482278481012658,70,63.43505218221227,False,cold,moderate,8.5,4.0,9.0,5.666666666666667,1.0,0.0,0.0,9.333333333333334,,0
2022_R04,2022,4,emilia_romagna_grand_prix,Imola,2022-04-24 13:00:00,47,mick_schumacher,MSC,Mick Schumacher,haas,Haas F1 Team,80.422,80.916,,17,17.0,10.0,0.0,+1 Lap,True,False,-7.0,False,80.422,1.6289999999999907,0.5,86.36529629629631,82.161,78.999,7.983922445055768,0.09244364099284809,11.578249999999997,-0.3225469029921871,-0.3225469029921871,2.0,20.666666666666668,62.0,54.0,8.0,1.6485105820105872,11.940384615384618,12.899367088607592,3.0999999999999996,17.41898734177215,3.5000000000000018,83.17088607594937,17.0,1001.0386075949366,1.0,False,0.0,1.482278481012658,70,63.43505218221227,False,cold,moderate,13.0,9.0,8.0,12.0,0.0,0.0,0.6666666666666666,0.0,,0
2022_R04,2022,4,emilia_romagna_grand_prix,Imola,2022-04-24 13:00:00,5,vettel,VET,Sebastian Vettel,aston_martin,Aston Martin,80.364,79.957,91.062,8,8.0,13.0,4.0,Finished,True,False,5.0,True,79.957,1.1639999999999873,0.6666666666666666,85.61194642857143,82.207,81.211,6.663268429285607,0.07783105871614504,6.3629999999999995,-0.28223215994531825,-0.28223215994531825,1.0,31.5,63.0,56.0,7.0,0.8951607142857085,11.940384615384618,12.899367088607592,3.0999999999999996,17.41898734177215,3.5000000000000018,83.17088607594937,17.0,1001.0386075949366,1.0,False,0.0,1.482278481012658,70,63.43505218221227,False,cold,moderate,9.0,10.0,-2.0,19.0,0.0,0.0,1.0,0.0,,1
2022_R04,2022,4,emilia_romagna_grand_prix,Imola,2022-04-24 13:00:00,55,sainz,SAI,Carlos Sainz,ferrari,Ferrari,79.305,78.99,,R,20.0,4.0,0.0,Collision,False,True,-16.0,False,78.99,0.19699999999998852,0.16666666666666666,,,,,,,,,,,,,,,11.940384615384618,12.899367088607592,3.0999999999999996,17.41898734177215,3.5000000000000018,83.17088607594937,17.0,1001.0386075949366,1.0,False,0.0,1.482278481012658,70,63.43505218221227,False,cold,moderate,13.0,6.0,14.0,8.333333333333334,2.0,0.0,0.3333333333333333,11.0,,0
2022_R04,2022,4,emilia_romagna_grand_prix,Imola,2022-04-24 13:00:00,6,latifi,LAT,Nicholas Latifi,williams,Williams,81.971,,,16,16.0,19.0,0.0,+1 Lap,True,False,3.0,False,81.971,3.1779999999999973,1.0,86.25245454545453,82.75,81.338,7.325120324680257,0.0849265144195979,9.051500000000004,-0.3188963203463199,-0.3188963203463199,1.0,31.0,62.0,55.0,7.0,1.535668831168806,11.940384615384618,12.899367088607592,3.0999999999999996,17.41898734177215,3.5000000000000018,83.17088607594937,17.0,1001.0386075949366,1.0,False,0.0,1.482278481012658,70,63.43505218221227,False,cold,moderate,13.5,11.0,5.0,16.666666666666668,0.0,0.0,0.6666666666666666,0.0,,0
2022_R04,2022,4,emilia_romagna_grand_prix,Imola,2022-04-24 13:00:00,63,russell,RUS,George Russell,mercedes,Mercedes,80.383,80.757,,4,4.0,11.0,12.0,Finished,True,False,7.0,True,80.383,1.5899999999999892,0.5555555555555556,85.30843859649123,81.842,80.962,6.529668619948555,0.07654188410168748,9.046999999999997,-0.2715511407829925,-0.2715511407829925,1.0,31.5,63.0,57.0,6.0,0.5916528822055085,11.940384615384618,12.899367088607592,3.0999999999999996,17.41898734177215,3.5000000000000018,83.17088607594937,17.0,1001.0386075949366,1.0,False,0.0,1.482278481012658,70,63.43505218221227,False,cold,moderate,8.5,13.0,-9.0,4.0,1.0,0.0,0.0,12.333333333333334,,1
2022_R04,2022,4,emilia_romagna_grand_prix,Imola,2022-04-24 13:00:00,77,bottas,BOT,Valtteri Bottas,alfa,Alfa Romeo,80.419,80.192,90.439,5,5.0,7.0,10.0,Finished,True,False,2.0,True,80.192,1.3989999999999867,0.3333333333333333,85.29328070175438,81.617,80.758,7.474083856314972,0.08762804988648114,9.974000000000004,-0.28966599688877454,-0.28966599688877454,1.0,31.5,63.0,57.0,6.0,0.5764949874686636,11.940384615384618,12.899367088607592,3.0999999999999996,17.41898734177215,3.5000000000000018,83.17088607594937,17.0,1001.0386075949366,1.0,False,0.0,1.482278481012658,70,63.43505218221227,False,cold,moderate,10.0,15.0,-10.0,9.666666666666666,0.0,0.0,0.3333333333333333,4.0,,1
2022_R05,2022,5,miami_grand_prix,Miami,2022-05-08 19:30:00,1,max_verstappen,VER,Max Verstappen,red_bull,Red Bull Racing,89.836,89.202,88.991,1,1.0,3.0,26.0,Finished,True,False,2.0,True,88.991,0.19499999999999318,0.10526315789473684,93.76306382978724,93.286,91.456,2.517383997623199,0.026848354723061647,1.7059999999999889,-0.06994784921369171,-0.06994784921369171,1.0,28.5,57.0,47.0,10.0,0.0,31.67037037037037,30.617283950617285,2.8999999999999986,42.81975308641975,12.099999999999994,58.858024691358025,20.0,1009.3049382716049,1.2999999999999545,True,5.555555555555555,2.2672839506172835,128,87.94586491290823,True,warm,moderate,2.5,4.0,-3.0,9.75,2.0,2.0,0.5,12.75,,1
2022_R05,2022,5,miami_grand_prix,Miami,2022-05-08 19:30:00,10,gasly,GAS,Pierre Gasly,alphatauri,AlphaTauri,90.779,90.128,89.69,R,18.0,7.0,0.0,Suspension,False,True,-11.0,False,89.69,0.8939999999999912,0.3157894736842105,96.0811891891892,95.253,94.487,2.856383658072231,0.029728854130311115,0.9409999999999883,-0.0634826932195344,-0.0634826932195344,2.0,15.0,45.0,37.0,8.0,2.318125359401961,31.67037037037037,30.617283950617285,2.8999999999999986,42.81975308641975,12.099999999999994,58.858024691358025,20.0,1009.3049382716049,1.2999999999999545,True,5.555555555555555,2.2672839506172835,128,87.94586491290823,True,warm,moderate,15.0,12.0,6.0,12.25,0.0,0.0,0.5,1.5,,0
2022_R05,2022,5,miami_grand_prix,Miami,2022-05-08 19:30:00,11,perez,PER,Sergio Perez,red_bull,Red Bull Racing,90.055,89.673,89.036,4,4.0,4.0,12.0,Finished,True,False,0.0,True,89.036,0.23999999999999488,0.15789473684210525,94.58497826086958,94.143,91.956,2.5660399536954506,0.027129466019627325,1.2939999999999827,-0.05751446191797662,-0.05751446191797662,2.0,19.0,57.0,46.0,11.0,0.8219144310823339,31.67037037037037,30.617283950617285,2.8999999999999986,42.81975308641975,12.099999999999994,58.858024691358025,20.0,1009.3049382716049,1.2999999999999545,True,5.555555555555555,2.2672839506172835,128,87.94586491290823,True,warm,moderate,2.5,1.0,3.0,6.5,2.0,0.0,0.25,12.0,,1
2022_R05,2022,5,miami_grand_prix,Miami,2022-05-08 19:30:00,14,alonso,ALO,Fernando Alonso,alpine,Alpine,90.407,90.16,,11,11.0,11.0,0.0,Finished,True,False,0.0,False,90.16,1.36399999999999,0.5263157894736842,95.66947727272728,94.98150000000001,93.331,3.085523667353249,0.03225191310032219,1.265500000000003,-0.0957701902748402,-0.0957701902748402,1.0,28.5,57.0,44.0,13.0,1.9064134429400355,31.67037037037037,30.617283950617285,2.8999999999999986,42.81975308641975,12.099999999999994,58.858024691358025,20.0,1009.3049382716049,1.2999999999999545,True,5.555555555555555,2.2672839506172835,128,87.94586491290823,True,warm,moderate,9.5,8.0,3.0,15.25,0.0,0.0,0.75,0.5,,0
2022_R05,2022,5,miami_grand_prix,Miami,2022-05-08 19:30:00,16,leclerc,LEC,Charles Leclerc,ferrari,Ferrari,89.474,89.13,88.796,2,2.0,1.0,18.0,Finished,True,False,-1.0,True,88.796,0.0,0.0,93.96136170212766,93.358,91.488,2.8995525773705446,0.030858988469777436,1.7724999999999937,-0.07379405642923276,-0.07379405642923276,1.0,28.5,57.0,47.0,10.0,0.19829787234041873,31.67037037037037,30.617283950617285,2.8999999999999986,42.81975308641975,12.099999999999994,58.858024691358025,20.0,1009.3049382716049,1.2999999999999545,True,5.555555555555555,2.2672839506172835,128,87.94586491290823,True,warm,moderate,2.5,3.0,-1.0,2.5,3.0,2.0,0.0,19.75,,1
2022_R05,2022,5,miami_grand_prix,Miami,2022-05-08 19:30:00,18,stroll,STR,Lance Stroll,aston_martin,Aston Martin,90.441,89.996,90.676,10,10.0,0.0,1.0,Finished,True,False,-10.0,True,89.996,1.1999999999999886,-0.05263157894736842,95.73548888888891,95.055,93.312,2.918764461690645,0.030487800245927378,1.61399999999999,-0.12691014492753547,-0.12691014492753547,1.0,28.5,57.0,45.0,12.0,1.972425059101667,31.67037037037037,30.617283950617285,2.8999999999999986,42.81975308641975,12.099999999999994,58.858024691358025,20.0,1009.3049382716049,1.2999999999999545,True,5.555555555555555,2.2672839506172835,128,87.94586491290823,True,warm,moderate,13.5,17.0,-7.0,11.75,0.0,0.0,0.5,0.25,,1
2022_R05,2022,5,miami_grand_prix,Miami,2022-05-08 19:30:00,20,kevin_magnussen,MAG,Kevin Magnussen,haas,Haas F1 Team,90.975,,,16,16.0,16.0,0.0,Front wing,False,True,0.0,False,90.975,2.178999999999988,0.7894736842105263,95.89597727272727,95.056,93.511,2.9639397060107004,0.030907862772817714,1.383499999999998,-0.10748167723748836,-0.10748167723748836,2.0,19.0,57.0,44.0,13.0,2.1329134429400227,31.67037037037037,30.617283950617285,2.8999999999999986,42.81975308641975,12.099999999999994,58.858024691358025,20.0,1009.3049382716049,1.2999999999999545,True,5.555555555555555,2.2672839506172835,128,87.94586491290823,True,warm,moderate,15.5,15.0,1.0,9.25,0.0,0.0,0.25,3.5,,0
2022_R05,2022,5,miami_grand_prix,Miami,2022-05-08 19:30:00,22,tsunoda,TSU,Yuki Tsunoda,alphatauri,AlphaTauri,90.485,90.031,89.932,12,12.0,9.0,0.0,Finished,True,False,-3.0,False,89.932,1.1359999999999957,0.42105263157894735,96.1412888888889,95.73,93.035,2.9615843473493455,0.03080450014324301,1.6389999999999958,-0.12886640316205475,-0.12886640316205475,2.0,19.0,57.0,45.0,12.0,2.378225059101652,31.67037037037037,30.617283950617285,2.8999999999999986,42.81975308641975,12.099999999999994,58.858024691358025,20.0,1009.3049382716049,1.2999999999999545,True,5.555555555555555,2.2672839506172835,128,87.94586491290823,True,warm,moderate,15.0,18.0,-6.0,12.25,0.0,0.0,0.5,2.5,,0
2022_R05,2022,5,miami_grand_prix,Miami,2022-05-08 19:30:00,23,albon,ALB,Alexander Albon,williams,Williams,91.266,,,9,9.0,18.0,2.0,Finished,True,False,9.0,True,91.266,2.469999999999999,0.8947368421052632,95.94943478260869,95.04849999999999,93.447,3.195249937378739,0.03330139405842435,1.6472500000000139,-0.11742386679000902,-0.11742386679000902,1.0,28.5,57.0,46.0,11.0,2.1863709528214486,31.67037037037037,30.617283950617285,2.8999999999999986,42.81975308641975,12.099999999999994,58.858024691358025,20.0,1009.3049382716049,1.2999999999999545,True,5.555555555555555,2.2672839506172835,128,87.94586491290823,True,warm,moderate,11.5,14.0,-5.0,12.0,0.0,0.0,0.5,0.25,,1
2022_R05,2022,5,miami_grand_prix,Miami,2022-05-08 19:30:00,24,zhou,ZHO,Guanyu Zhou,alfa,Alfa Romeo,91.02,,,R,20.0,17.0,0.0,Water leak,False,True,-3.0,False,91.02,2.2239999999999895,0.8421052631578947,102.17216666666667,97.107,95.731,10.249379735704336,0.10031479286470062,7.4027499999999975,2.1490571428571372,2.1490571428571372,0.0,6.0,6.0,6.0,0.0,8.409102836879427,31.67037037037037,30.617283950617285,2.8999999999999986,42.81975308641975,12.099999999999994,58.858024691358025,20.0,1009.3049382716049,1.2999999999999545,True,5.555555555555555,2.2672839506172835,128,87.94586491290823,True,warm,moderate,13.5,7.0,13.0,11.75,0.0,0.0,0.25,0.25,,0
2022_R05,2022,5,miami_grand_prix,Miami,2022-05-08 19:30:00,3,ricciardo,RIC,Daniel Ricciardo,mclaren,McLaren,90.583,90.31,,13,13.0,14.0,0.0,Finished,True,False,1.0,False,90.31,1.5139999999999958,0.6842105263157895,96.05819565217392,95.434,93.365,3.0140463287714536,0.03137729486076644,1.4457500000000039,-0.0768419981498596,-0.0768419981498596,2.0,19.0,57.0,46.0,11.0,2.2951318223866792,31.67037037037037,30.617283950617285,2.8999999999999986,42.81975308641975,12.099999999999994,58.858024691358025,20.0,1009.3049382716049,1.2999999999999545,True,5.555555555555555,2.2672839506172835,128,87.94586491290823,True,warm,moderate,16.0,19.0,-6.0,13.75,0.0,0.0,0.5,2.0,,0
2022_R05,2022,5,miami_grand_prix,Miami,2022-05-08 19:30:00,31,ocon,OCO,Esteban Ocon,alpine,Alpine,,,,8,8.0,20.0,4.0,Finished,True,False,12.0,True,,,1.0,95.57391304347826,94.979,93.259,2.0622318204216077,0.021577350500271576,1.5704999999999956,-0.10314770274437209,-0.10314770274437209,1.0,28.5,57.0,46.0,11.0,1.8108492136910144,31.67037037037037,30.617283950617285,2.8999999999999986,42.81975308641975,12.099999999999994,58.858024691358025,20.0,1009.3049382716049,1.2999999999999545,True,5.555555555555555,2.2672839506172835,128,87.94586491290823,True,warm,moderate,9.5,11.0,-3.0,8.5,0.0,0.0,0.25,5.0,,1
2022_R05,2022,5,miami_grand_prix,Miami,2022-05-08 19:30:00,4,norris,NOR,Lando Norris,mclaren,McLaren,90.761,89.634,89.75,R,19.0,8.0,0.0,Collision,False,True,-11.0,False,89.634,0.8379999999999939,0.3684210526315789,95.62710810810813,95.474,93.411,1.654338685997516,0.01729989245442053,1.2979999999999876,-0.09861190137505724,-0.09861190137505724,1.0,20.0,40.0,37.0,3.0,1.8640442783208897,31.67037037037037,30.617283950617285,2.8999999999999986,42.81975308641975,12.099999999999994,58.858024691358025,20.0,1009.3049382716049,1.2999999999999545,True,5.555555555555555,2.2672839506172835,128,87.94586491290823,True,warm,moderate,16.0,13.0,6.0,7.5,1.0,0.0,0.0,7.75,,0
2022_R05,2022,5,miami_grand_prix,Miami,2022-05-08 19:30:00,44,hamilton,HAM,Lewis Hamilton,mercedes,Mercedes,90.388,89.797,89.625,6,6.0,6.0,8.0,Finished,True,False,0.0,True,89.625,0.8289999999999935,0.2631578947368421,95.05069565217391,94.73150000000001,92.941,2.7069226879701125,0.028478725688402703,1.8077499999999986,-0.08458711069996853,-0.08458711069996853,1.0,28.5,57.0,46.0,11.0,1.2876318223866718,31.67037037037037,30.617283950617285,2.8999999999999986,42.81975308641975,12.099999999999994,58.858024691358025,20.0,1009.3049382716049,1.2999999999999545,True,5.555555555555555,2.2672839506172835,128,87.94586491290823,True,warm,moderate,5.5,5.0,1.0,7.5,1.0,0.0,0.25,7.0,,1
2022_R05,2022,5,miami_grand_prix,Miami,2022-05-08 19:30:00,47,mick_schumacher,MSC,Mick Schumacher,haas,Haas F1 Team,90.645,90.423,,15,15.0,15.0,0.0,Finished,True,False,0.0,False,90.423,1.6269999999999953,0.7368421052631579,96.40159999999999,94.988,92.528,4.912882561555523,0.05096266619595031,1.6430000000000007,-0.03523135704874837,-0.03523135704874837,2.0,19.0,57.0,45.0,12.0,2.6385361702127454,31.67037037037037,30.617283950617285,2.8999999999999986,42.81975308641975,12.099999999999994,58.858024691358025,20.0,1009.3049382716049,1.2999999999999545,True,5.555555555555555,2.2672839506172835,128,87.94586491290823,True,warm,moderate,15.5,16.0,-1.0,13.666666666666666,0.0,0.0,0.75,0.0,,0
2022_R05,2022,5,miami_grand_prix,Miami,2022-05-08 19:30:00,5,vettel,VET,Sebastian Vettel,aston_martin,Aston Martin,90.677,90.214,,17,17.0,0.0,0.0,Collision,False,True,-17.0,False,90.214,1.4179999999999922,-0.05263157894736842,95.89278571428571,95.2655,93.479,3.121556807777359,0.03255257196383985,1.8827500000000015,-0.13452645652702283,-0.13452645652702283,1.0,27.0,54.0,42.0,12.0,2.1297218844984656,31.67037037037037,30.617283950617285,2.8999999999999986,42.81975308641975,12.099999999999994,58.858024691358025,20.0,1009.3049382716049,1.2999999999999545,True,5.555555555555555,2.2672839506172835,128,87.94586491290823,True,warm,moderate,13.5,10.0,7.0,13.5,0.0,0.0,0.5,2.0,,0
2022_R05,2022,5,miami_grand_prix,Miami,2022-05-08 19:30:00,55,sainz,SAI,Carlos Sainz,ferrari,Ferrari,90.079,89.729,88.986,3,3.0,2.0,15.0,Finished,True,False,-1.0,True,88.986,0.18999999999999773,0.05263157894736842,94.3928085106383,93.904,91.894,2.9752971838288533,0.031520379897304676,1.3614999999999924,-0.05853052728954719,-0.05853052728954719,1.0,28.5,57.0,47.0,10.0,0.6297446808510614,31.67037037037037,30.617283950617285,2.8999999999999986,42.81975308641975,12.099999999999994,58.858024691358025,20.0,1009.3049382716049,1.2999999999999545,True,5.555555555555555,2.2672839506172835,128,87.94586491290823,True,warm,moderate,2.5,2.0,1.0,11.25,2.0,0.0,0.5,8.25,,1
2022_R05,2022,5,miami_grand_prix,Miami,2022-05-08 19:30:00,6,latifi,LAT,Nicholas Latifi,williams,Williams,91.325,,,14,14.0,19.0,0.0,Finished,True,False,5.0,False,91.325,2.5289999999999964,0.9473684210526315,97.07115909090908,96.62450000000001,94.301,3.3027666340838793,0.03402418045704773,1.8419999999999987,-0.07176004228329624,-0.07176004228329624,1.0,28.5,57.0,44.0,13.0,3.308095261121835,31.67037037037037,30.617283950617285,2.8999999999999986,42.81975308641975,12.099999999999994,58.858024691358025,20.0,1009.3049382716049,1.2999999999999545,True,5.555555555555555,2.2672839506172835,128,87.94586491290823,True,warm,moderate,11.5,9.0,5.0,16.5,0.0,0.0,0.75,0.0,,0
2022_R05,2022,5,miami_grand_prix,Miami,2022-05-08 19:30:00,63,russell,RUS,George Russell,mercedes,Mercedes,90.49,90.173,,5,5.0,12.0,10.0,Finished,True,False,7.0,True,90.173,1.3769999999999953,0.5789473684210527,94.96643478260867,94.5025,92.244,2.1527253594989664,0.022668276053816834,1.6570000000000107,-0.11514893617021241,-0.11514893617021241,1.0,28.5,57.0,46.0,11.0,1.2033709528214303,31.67037037037037,30.617283950617285,2.8999999999999986,42.81975308641975,12.099999999999994,58.858024691358025,20.0,1009.3049382716049,1.2999999999999545,True,5.555555555555555,2.2672839506172835,128,87.94586491290823,True,warm,moderate,5.5,6.0,-1.0,4.0,1.0,0.0,0.0,12.25,,1
2022_R05,2022,5,miami_grand_prix,Miami,2022-05-08 19:30:00,77,bottas,BOT,Valtteri Bottas,alfa,Alfa Romeo,90.845,89.751,89.475,7,7.0,5.0,6.0,Finished,True,False,-2.0,True,89.475,0.6789999999999878,0.21052631578947367,95.13108695652176,94.4735,93.317,2.665994455492166,0.02802442966630476,1.6274999999999977,-0.05533172987973994,-0.05533172987973994,1.0,28.5,57.0,46.0,11.0,1.3680231267345135,31.67037037037037,30.617283950617285,2.8999999999999986,42.81975308641975,12.099999999999994,58.858024691358025,20.0,1009.3049382716049,1.2999999999999545,True,5.555555555555555,2.2672839506172835,128,87.94586491290823,True,warm,moderate,13.5,20.0,-13.0,8.5,0.0,0.0,0.25,5.5,,1
