race_id,year,round,event_name,circuit,race_date,driver_number,driver_abbreviation,team_name,total_laps,valid_laps,deleted_laps,invalid_laps,avg_lap_time,median_lap_time,best_lap_time,worst_lap_time,lap_time_range,pct_05_lap_time,pct_95_lap_time,lap_time_std,lap_time_cv,lap_time_iqr,seconds_off_best,lap_time_trend,tire_deg_per_lap,first_stint_avg,last_stint_avg,stint_delta,avg_sector1,avg_sector2,avg_sector3,best_sector1,best_sector2,best_sector3,avg_position,best_position,worst_position,position_changes,net_position_change,num_pit_stops,num_tire_stints,avg_stint_length,valid_lap_pct
2022_R01,2022,1,bahrain_grand_prix,Sakhir,2022-03-20 15:00:00,1,#1,Red Bull Racing,54,48,0,6,99.45662499999999,98.2755,95.44,124.094,28.653999999999996,95.81,111.92284999999998,5.482825462101848,0.05512780533324803,2.1025000000000063,4.016624999999991,0.05974945722969981,0.05974945722969981,99.29471428571428,103.98533333333334,4.690619047619066,32.114659574468085,42.38454166666667,24.928104166666667,30.517,41.27,23.565,2.3703703703703702,2.0,13.0,7,-11.0,3,4,13.5,0.8888888888888888
2022_R01,2022,1,bahrain_grand_prix,Sakhir,2022-03-20 15:00:00,10,#10,AlphaTauri,45,43,0,2,100.7060465116279,99.665,97.324,121.397,24.073000000000008,98.2057,104.0735,4.733339292183482,0.04700154018693359,1.7010000000000076,3.3820465116279053,-0.05507324071277633,-0.05507324071277633,100.91707692307692,100.32366666666667,-0.5934102564102517,32.82030952380953,43.29693023255814,24.5276511627907,31.029,42.224,23.928,8.113636363636363,7.0,12.0,9,0.0,2,3,15.0,0.9555555555555556
2022_R01,2022,1,bahrain_grand_prix,Sakhir,2022-03-20 15:00:00,11,#11,Red Bull Racing,57,48,0,9,99.50214583333332,98.628,96.089,118.858,22.769000000000005,96.2916,111.78619999999998,4.935540074737918,0.04960234810418035,2.457250000000002,3.413145833333317,-0.03798963308727945,-0.03798963308727945,99.78192307692308,99.22699999999999,-0.5549230769230888,32.62617021276596,42.47447916666667,24.352291666666662,30.794,41.059,23.509,4.017857142857143,2.0,6.0,11,3.0,3,4,14.25,0.8421052631578947
2022_R01,2022,1,bahrain_grand_prix,Sakhir,2022-03-20 15:00:00,14,#14,Alpine,57,48,1,9,101.13695833333334,99.96549999999999,96.733,120.922,24.188999999999993,97.4457,113.09879999999998,5.077045475883035,0.050199705029192195,1.5545000000000044,4.403958333333335,-0.06689274858879883,-0.06689274858879883,101.61927272727272,100.082,-1.5372727272727218,33.178617021276594,43.24170833333334,24.655520833333338,31.065,41.855,23.739,11.017543859649123,9.0,20.0,20,0.0,3,4,14.25,0.8421052631578947
2022_R01,2022,1,bahrain_grand_prix,Sakhir,2022-03-20 15:00:00,16,#16,Ferrari,57,50,0,7,98.48317999999999,97.79050000000001,94.57,117.66,23.090000000000003,95.262,100.6828,4.05878386676882,0.04121296516591788,2.033999999999992,3.913179999999997,-0.07566247298919478,-0.07566247298919478,98.85557142857144,95.20883333333335,-3.646738095238092,32.20216326530612,42.115739999999995,24.150000000000006,30.439,40.732,23.399,1.0701754385964912,1.0,3.0,2,0.0,3,4,14.25,0.8771929824561403
2022_R01,2022,1,bahrain_grand_prix,Sakhir,2022-03-20 15:00:00,18,#18,Aston Martin,57,47,0,10,101.59368085106388,100.484,97.274,121.514,24.239999999999995,97.86580000000001,108.62249999999997,4.687139426625299,0.046136131571968886,2.1995000000000005,4.319680851063879,-0.08321854764107278,-0.08321854764107278,102.5614705882353,97.9558,-4.605670588235299,32.95021739130434,43.69397872340426,24.840765957446816,31.143,42.102,24.008,14.842105263157896,10.0,19.0,21,5.0,3,4,14.25,0.8245614035087719
2022_R01,2022,1,bahrain_grand_prix,Sakhir,2022-03-20 15:00:00,20,#20,Haas F1 Team,57,49,0,8,100.09955102040817,99.384,96.623,120.375,23.751999999999995,96.9166,102.8868,4.447441048237853,0.044430179785033344,2.5549999999999926,3.4765510204081664,-0.0769655102040812,-0.0769655102040812,100.79792307692308,96.969,-3.8289230769230898,32.52325,43.04914285714286,24.48422448979592,30.85,41.903,23.787,6.771929824561403,5.0,10.0,13,0.0,3,4,14.25,0.8596491228070176
2022_R01,2022,1,bahrain_grand_prix,Sakhir,2022-03-20 15:00:00,22,#22,AlphaTauri,57,48,1,9,100.61972916666666,99.5715,97.104,121.989,24.885000000000005,97.34045,106.57364999999999,4.622093984054097,0.0459362594426989,2.233000000000004,3.5157291666666595,-0.1089246092053865,-0.1089246092053865,101.64250000000001,97.47366666666666,-4.168833333333353,32.58974468085106,43.298375,24.632437499999998,30.711,42.242,23.837,10.929824561403509,7.0,14.0,19,4.0,3,4,14.25,0.8421052631578947
2022_R01,2022,1,bahrain_grand_prix,Sakhir,2022-03-20 15:00:00,23,#23,Williams,57,47,0,10,101.36491489361701,100.863,97.702,123.311,25.60900000000001,98.1579,104.51589999999999,3.758919489923918,0.03708304292337169,2.247000000000014,3.662914893617014,-0.05942911655874262,-0.05942911655874262,102.62592307692307,98.1348,-4.491123076923074,32.44539130434783,44.07153191489361,24.75617021276595,31.141,42.411,24.05,15.175438596491228,11.0,20.0,19,-2.0,3,4,14.25,0.8245614035087719
2022_R01,2022,1,bahrain_grand_prix,Sakhir,2022-03-20 15:00:00,24,#24,Alfa Romeo,57,49,0,8,100.73577551020408,99.842,96.685,121.722,25.036999999999992,96.8998,108.06679999999994,4.8035006603921415,0.047684158245305495,2.5990000000000038,4.050775510204076,-0.10369357142857083,-0.10369357142857083,102.09892857142857,97.783,-4.315928571428572,32.577374999999996,43.41218367346938,24.61424489795918,30.908,41.864,23.762,12.543859649122806,8.0,19.0,27,9.0,3,4,14.25,0.8596491228070176
2022_R01,2022,1,bahrain_grand_prix,Sakhir,2022-03-20 15:00:00,27,#27,Aston Martin,57,47,0,10,102.18065957446811,101.036,98.243,123.711,25.468000000000004,98.4763,108.36119999999998,4.985202945049503,0.04878812649879543,3.413499999999999,3.937659574468114,-0.07861077705827929,-0.07861077705827929,103.06994444444445,98.6126,-4.457344444444445,33.11156521739131,43.913361702127666,25.05891489361702,31.114,42.491,24.246,17.82456140350877,12.0,20.0,15,-2.0,3,4,14.25,0.8245614035087719
2022_R01,2022,1,bahrain_grand_prix,Sakhir,2022-03-20 15:00:00,3,#3,McLaren,57,47,0,10,101.83146808510642,100.647,97.58,122.85,25.269999999999996,97.8057,109.98519999999998,4.818046920066189,0.04731392967878525,3.140500000000003,4.251468085106424,-0.11182284921369122,-0.11182284921369122,103.1776875,97.9328,-5.244887500000004,32.96039130434783,43.85651063829787,24.912297872340424,31.184,42.192,24.076,17.82456140350877,14.0,20.0,17,6.0,3,4,14.25,0.8245614035087719
2022_R01,2022,1,bahrain_grand_prix,Sakhir,2022-03-20 15:00:00,31,#31,Alpine,57,49,0,8,100.88,99.766,97.11,125.634,28.524,97.3262,112.53599999999994,5.518413400456089,0.05470274980626576,2.0430000000000064,3.769999999999996,-0.05942214285714168,-0.05942214285714168,101.10653846153846,100.23314285714287,-0.873395604395597,33.075604166666665,43.13295918367348,24.60434693877551,31.005,41.66,23.701,9.736842105263158,7.0,16.0,15,3.0,3,4,14.25,0.8596491228070176
2022_R01,2022,1,bahrain_grand_prix,Sakhir,2022-03-20 15:00:00,4,#4,McLaren,57,46,1,11,101.98967391304345,101.749,96.988,122.145,25.156999999999996,97.273,109.00574999999999,4.8171901355889455,0.04723213586991257,3.3307499999999948,5.001673913043447,-0.08353900709219643,-0.08353900709219643,102.8615909090909,97.66839999999999,-5.193190909090916,33.093,43.86604347826087,24.94058695652174,30.991,41.954,23.72,17.0,13.0,20.0,21,1.0,3,4,14.25,0.8070175438596491
2022_R01,2022,1,bahrain_grand_prix,Sakhir,2022-03-20 15:00:00,44,#44,Mercedes,57,48,1,9,99.60168749999998,98.56450000000001,96.228,123.697,27.46900000000001,96.40235,102.49735,5.052224625471775,0.05072428743209572,1.6129999999999995,3.3736874999999884,-0.09624701476335172,-0.09624701476335172,100.12672727272728,96.41266666666667,-3.714060606060613,32.497680851063826,42.70152083333334,24.361770833333335,30.629,41.576,23.618,5.333333333333333,3.0,12.0,15,1.0,3,4,14.25,0.8421052631578947
2022_R01,2022,1,bahrain_grand_prix,Sakhir,2022-03-20 15:00:00,47,#47,Haas F1 Team,57,48,0,9,101.34625,100.628,96.956,119.469,22.51299999999999,97.61290000000001,107.81904999999999,4.311869656676811,0.0425459220906231,2.4452499999999873,4.390249999999995,-0.09862907077724915,-0.09862907077724915,102.97125,99.79407142857143,-3.17717857142857,32.746957446808516,43.6904375,24.835041666666665,31.048,41.848,23.869,13.736842105263158,10.0,20.0,23,2.0,2,3,19.0,0.8421052631578947
2022_R01,2022,1,bahrain_grand_prix,Sakhir,2022-03-20 15:00:00,55,#55,Ferrari,57,48,0,9,98.59385416666667,98.25399999999999,95.74,117.101,21.361000000000004,95.9192,100.71165,3.0813033439486417,0.03125248901153507,2.1627500000000026,2.853854166666679,-0.05167732305688322,-0.05167732305688322,99.57653846153845,96.00316666666667,-3.5733717948717754,31.848340425531916,42.4024375,24.301083333333334,30.754,41.222,23.654,2.8771929824561404,1.0,5.0,9,1.0,3,4,14.25,0.8421052631578947
2022_R01,2022,1,bahrain_grand_prix,Sakhir,2022-03-20 15:00:00,6,#6,Williams,57,47,0,10,102.09846808510642,101.182,98.251,123.32,25.06899999999999,98.53829999999999,109.16689999999997,4.543838641745563,0.04450447422930917,2.471500000000006,3.8474680851064136,-0.09021704440333064,-0.09021704440333064,103.11469230769231,98.599,-4.515692307692305,32.87208695652174,44.34129787234042,24.768851063829793,31.141,42.455,24.036,18.50877192982456,16.0,20.0,19,2.0,3,4,14.25,0.8245614035087719
2022_R01,2022,1,bahrain_grand_prix,Sakhir,2022-03-20 15:00:00,63,#63,Mercedes,57,48,0,9,99.72641666666668,99.0685,96.302,122.37,26.067999999999998,96.44189999999999,102.87974999999999,4.7087436768403945,0.047216613553651136,1.9397500000000036,3.424416666666673,-0.08267401215805556,-0.08267401215805556,100.18153846153845,96.52083333333333,-3.660705128205123,32.59885106382979,42.84441666666667,24.23152083333333,30.808,41.554,23.608,5.771929824561403,3.0,7.0,11,3.0,3,4,14.25,0.8421052631578947
2022_R01,2022,1,bahrain_grand_prix,Sakhir,2022-03-20 15:00:00,77,#77,Alfa Romeo,57,49,0,8,100.49744897959184,99.777,96.599,120.669,24.069999999999993,96.99940000000001,106.43659999999996,4.511984462984961,0.04489650741185695,2.1359999999999957,3.8984489795918336,-0.10651999999999887,-0.10651999999999887,101.72284615384615,97.11399999999999,-4.608846153846159,32.4666875,43.44006122448979,24.50793877551021,30.676,41.82,23.744,10.701754385964913,6.0,17.0,20,8.0,3,4,14.25,0.8596491228070176
2022_R02,2022,2,saudi_arabian_grand_prix,Jeddah,2022-03-27 17:00:00,1,#1,Red Bull Racing,50,37,0,13,93.93032432432433,93.688,91.779,98.082,6.302999999999997,92.25420000000001,95.29400000000001,1.3182357328821903,0.014034186961077255,2.0349999999999966,2.151324324324335,-0.10298696064485367,-0.10298696064485367,95.182,93.0769090909091,-2.1050909090909045,34.727833333333336,29.83081081081081,29.28467567567568,33.738,29.183,28.716,2.18,1.0,3.0,4,2.0,1,2,25.0,0.74
2022_R02,2022,2,saudi_arabian_grand_prix,Jeddah,2022-03-27 17:00:00,10,#10,AlphaTauri,50,38,0,12,96.14634210526314,96.2185,93.468,103.106,9.637999999999991,93.6061,99.00115,1.985465964456975,0.020650457635541068,2.3592499999999887,2.678342105263141,-0.14694682131524126,-0.14694682131524126,97.77326666666666,95.08530434782608,-2.687962318840576,35.888729729729725,30.40726315789474,29.70486842105264,34.551,29.672,29.063,11.1,8.0,15.0,9,2.0,1,2,25.0,0.76
2022_R02,2022,2,saudi_arabian_grand_prix,Jeddah,2022-03-27 17:00:00,11,#11,Red Bull Racing,50,36,1,14,94.02125,93.757,92.042,98.591,6.548999999999992,92.08075,96.235,1.3988628111025443,0.014878155854155783,1.566749999999999,1.9792499999999933,-0.09630643500643518,-0.09630643500643518,95.0776,93.26671428571429,-1.8108857142857175,34.795542857142856,29.82252777777778,29.358555555555558,34.031,29.239,28.7,3.04,1.0,4.0,4,-3.0,1,2,25.0,0.72
2022_R02,2022,2,saudi_arabian_grand_prix,Jeddah,2022-03-27 17:00:00,14,#14,Alpine,36,30,0,6,96.05999999999997,96.152,93.831,101.458,7.626999999999995,94.06505,98.11405,1.5542837135056664,0.01618034263487057,1.747249999999994,2.228999999999971,-0.13642491657397057,-0.13642491657397057,97.01346666666667,95.10653333333333,-1.9069333333333418,35.76989655172414,30.404033333333327,29.74076666666667,34.906,29.803,28.99,7.228571428571429,6.0,8.0,3,0.0,1,2,18.0,0.8333333333333334
2022_R02,2022,2,saudi_arabian_grand_prix,Jeddah,2022-03-27 17:00:00,16,#16,Ferrari,50,36,1,14,93.89675,93.6695,92.17,97.088,4.917999999999992,92.4255,95.21975,1.1219385614704063,0.01194864104956142,1.852000000000018,1.7267499999999956,-0.09067194337194263,-0.09067194337194263,95.00386666666667,93.10595238095237,-1.8979142857142932,34.528428571428584,29.88222222222222,29.41563888888889,33.721,29.399,28.922,1.4,1.0,2.0,4,0.0,1,2,25.0,0.72
2022_R02,2022,2,saudi_arabian_grand_prix,Jeddah,2022-03-27 17:00:00,18,#18,Aston Martin,49,37,0,12,97.35224324324322,96.287,94.446,116.297,21.851,94.6408,102.2528,3.760380576228698,0.03862654265534543,2.4790000000000134,2.9062432432432246,-0.16531057373162567,-0.16531057373162567,98.68976923076924,96.62774999999999,-2.062019230769252,36.682833333333335,30.605,29.91951351351351,34.876,30.042,29.339,13.46938775510204,9.0,17.0,13,-1.0,1,2,24.5,0.7551020408163265
2022_R02,2022,2,saudi_arabian_grand_prix,Jeddah,2022-03-27 17:00:00,20,#20,Haas F1 Team,50,37,1,13,95.57981081081083,95.509,92.968,102.705,9.736999999999995,93.16199999999999,97.527,1.8509542259457805,0.01936553556911229,2.2809999999999917,2.611810810810823,-0.14895661450924416,-0.14895661450924416,96.11316666666667,93.294,-2.819166666666675,35.41686111111111,30.287081081081084,29.727594594594596,34.091,29.632,29.159,8.24,6.0,12.0,10,0.0,1,2,25.0,0.74
2022_R02,2022,2,saudi_arabian_grand_prix,Jeddah,2022-03-27 17:00:00,23,#23,Williams,48,35,2,13,97.4200857142857,96.424,94.368,115.413,21.045,94.4774,102.33709999999999,3.819646698871727,0.03920799977608327,2.724000000000018,3.0520857142857096,-0.20984705882352886,-0.20984705882352886,99.214,96.597875,-2.6161249999999967,36.69520588235294,30.630028571428575,29.91654285714286,34.89,29.882,29.118,15.191489361702128,11.0,18.0,11,3.0,1,2,24.0,0.7291666666666666
2022_R02,2022,2,saudi_arabian_grand_prix,Jeddah,2022-03-27 17:00:00,24,#24,Alfa Romeo,50,37,2,13,96.58529729729729,96.31,93.924,108.451,14.526999999999987,94.0486,100.27199999999996,3.0126089917108283,0.03119117584157531,2.5730000000000075,2.6612972972972813,-0.14480749170222718,-0.14480749170222718,97.78200000000001,95.34025,-2.441750000000013,36.16869444444445,30.412486486486486,29.775324324324327,34.823,29.8,29.205,14.48,11.0,18.0,12,7.0,2,3,16.666666666666668,0.74
2022_R02,2022,2,saudi_arabian_grand_prix,Jeddah,2022-03-27 17:00:00,27,#27,Aston Martin,50,37,0,13,96.65640540540541,96.594,93.996,105.803,11.807000000000002,94.176,98.6102,2.0347528441156273,0.021051401979840602,1.816999999999993,2.660405405405413,-0.15006377430061413,-0.15006377430061413,97.10945161290323,94.31566666666667,-2.7937849462365563,36.04855555555556,30.497351351351348,29.906945945945953,34.594,29.855,29.429,13.32,9.0,17.0,14,4.0,1,2,25.0,0.74
2022_R02,2022,2,saudi_arabian_grand_prix,Jeddah,2022-03-27 17:00:00,3,#3,McLaren,36,29,0,7,97.17513793103447,96.035,94.487,114.148,19.661,94.65119999999999,102.67479999999999,3.8506062762351174,0.03962542640246012,2.2409999999999997,2.6881379310344755,-0.23183743842364324,-0.23183743842364324,98.86625,96.53090476190475,-2.3353452380952433,36.529785714285715,30.52482758620689,29.917758620689657,34.747,30.072,29.318,13.166666666666666,11.0,18.0,8,-3.0,1,2,18.0,0.8055555555555556
2022_R02,2022,2,saudi_arabian_grand_prix,Jeddah,2022-03-27 17:00:00,31,#31,Alpine,50,36,2,14,95.60297222222222,95.262,93.103,99.9,6.797000000000011,93.357,98.2195,1.663770579756564,0.017402916887241215,2.356499999999997,2.499972222222226,-0.14115559845559938,-0.14115559845559938,97.15861538461537,94.72369565217392,-2.4349197324414575,35.42822857142857,30.374500000000005,29.70136111111112,34.166,29.708,29.161,8.08,5.0,11.0,12,-1.0,1,2,25.0,0.72
2022_R02,2022,2,saudi_arabian_grand_prix,Jeddah,2022-03-27 17:00:00,4,#4,McLaren,50,37,1,13,95.9090810810811,96.081,92.753,103.333,10.579999999999998,93.011,98.3734,2.1171706929870444,0.022074767781344897,2.8289999999999935,3.1560810810810978,-0.17435870080606905,-0.17435870080606905,97.74942857142857,94.7888695652174,-2.96055900621117,35.68755555555556,30.318729729729732,29.739594594594596,34.204,29.479,29.04,10.56,6.0,13.0,11,4.0,1,2,25.0,0.74
2022_R02,2022,2,saudi_arabian_grand_prix,Jeddah,2022-03-27 17:00:00,44,#44,Mercedes,50,38,0,12,96.0711052631579,95.2775,92.997,113.062,20.064999999999998,93.36550000000001,99.56984999999999,3.5516981152870675,0.03696947282492752,2.9525000000000006,3.0741052631579038,-0.10765422912791214,-0.10765422912791214,95.96774193548387,96.52885714285715,0.5611152073732768,36.04543243243243,30.178894736842107,29.674421052631583,34.264,29.561,29.14,9.1,6.0,14.0,11,4.0,1,2,25.0,0.76
2022_R02,2022,2,saudi_arabian_grand_prix,Jeddah,2022-03-27 17:00:00,55,#55,Ferrari,50,37,0,13,94.08240540540541,93.705,92.242,98.635,6.393000000000001,92.2708,95.589,1.3958069840191505,0.014836004436797232,2.1169999999999902,1.8404054054054058,-0.11586367946894076,-0.11586367946894076,95.3934,93.18854545454546,-2.2048545454545376,34.631499999999996,29.939810810810815,29.40648648648648,33.788,29.364,28.946,3.38,3.0,4.0,3,1.0,1,2,25.0,0.74
2022_R02,2022,2,saudi_arabian_grand_prix,Jeddah,2022-03-27 17:00:00,6,#6,Williams,15,13,1,2,98.89261538461541,98.161,97.53,106.377,8.846999999999994,97.5468,102.7242,2.3525737515347416,0.0237891751814335,0.4890000000000043,1.3626153846154097,-0.3295054945054943,-0.3295054945054943,98.89261538461538,98.89261538461538,0.0,36.820833333333326,31.136461538461536,30.381538461538465,36.446,30.932,30.122,17.285714285714285,15.0,18.0,4,2.0,0,1,15.0,0.8666666666666667
2022_R02,2022,2,saudi_arabian_grand_prix,Jeddah,2022-03-27 17:00:00,63,#63,Mercedes,50,38,0,12,94.81365789473683,94.23599999999999,92.821,100.421,7.6000000000000085,93.01939999999999,96.6033,1.5301042938542213,0.01613801563855874,2.0332499999999953,1.992657894736837,-0.12174493927125407,-0.12174493927125407,96.21000000000001,93.90299999999999,-2.3070000000000164,34.95891891891892,30.05552631578947,29.676999999999996,34.119,29.42,29.211,5.04,5.0,6.0,1,1.0,1,2,25.0,0.76
2022_R02,2022,2,saudi_arabian_grand_prix,Jeddah,2022-03-27 17:00:00,77,#77,Alfa Romeo,36,31,0,5,97.54254838709677,96.398,93.979,135.831,41.85199999999999,94.279,100.1035,7.2817449687040865,0.07465198612411215,1.9909999999999997,3.5635483870967732,0.1340983870967763,0.1340983870967763,97.1042,135.831,38.72679999999998,36.40553333333333,30.57467741935484,30.427967741935486,34.753,29.747,29.105,8.86111111111111,7.0,15.0,5,-7.0,2,3,12.0,0.8611111111111112
2022_R03,2022,3,australian_grand_prix,Melbourne,2022-04-10 05:00:00,1,#1,Red Bull Racing,39,29,0,10,84.60520689655173,83.78,81.677,99.466,17.788999999999987,82.38499999999999,89.83919999999999,3.4012542999322877,0.040201477245851554,1.5750000000000028,2.9282068965517283,-0.13169753694581057,-0.13169753694581057,85.96015384615384,83.5043125,-2.4558413461538464,29.298714285714286,18.439206896551728,36.67524137931035,28.416,18.142,35.119,2.4210526315789473,2.0,7.0,5,0.0,1,2,19.5,0.7435897435897436
2022_R03,2022,3,australian_grand_prix,Melbourne,2022-04-10 05:00:00,10,#10,AlphaTauri,58,47,0,11,85.43817021276595,84.809,82.731,100.851,18.120000000000005,83.20570000000001,89.30009999999999,3.1612868617972163,0.03700087272380354,1.9534999999999911,2.707170212765959,-0.11316362164662422,-0.11316362164662422,87.4033125,84.42390322580646,-2.979409274193543,29.657739130434784,18.62423404255319,36.966744680851065,28.695,18.379,35.513,10.827586206896552,8.0,15.0,10,0.0,1,2,29.0,0.8103448275862069
2022_R03,2022,3,australian_grand_prix,Melbourne,2022-04-10 05:00:00,11,#11,Red Bull Racing,58,47,0,11,83.98127659574469,83.115,81.094,99.099,18.00500000000001,81.7554,90.23259999999998,3.1723732626353742,0.03777476827252847,2.691500000000005,2.8872765957446944,-0.1284067992599438,-0.1284067992599438,86.2684,82.9091875,-3.359212499999998,29.138086956521736,18.319042553191487,36.37297872340426,28.214,17.981,34.899,3.293103448275862,2.0,7.0,9,2.0,1,2,29.0,0.8103448275862069
2022_R03,2022,3,australian_grand_prix,Melbourne,2022-04-10 05:00:00,14,#14,Alpine,57,46,0,11,85.65897826086957,84.9115,80.846,100.863,20.016999999999996,83.55199999999999,92.2585,3.4543947049077475,0.04032729288910713,1.4297499999999985,4.812978260869571,-0.013014184397161068,-0.013014184397161068,85.58268965517242,86.356,0.7733103448275784,29.656755555555556,18.560760869565218,37.23821739130435,28.014,18.047,34.785,9.543859649122806,4.0,17.0,12,-7.0,2,3,19.0,0.8070175438596491
2022_R03,2022,3,australian_grand_prix,Melbourne,2022-04-10 05:00:00,16,#16,Ferrari,58,47,0,11,83.03485106382979,82.394,80.26,98.34,18.08,81.0929,84.8673,2.734110490266985,0.032927264338262555,1.9594999999999914,2.774851063829786,-0.0960116790009243,-0.0960116790009243,84.93576470588235,81.95766666666667,-2.9780980392156806,28.7059347826087,18.28414893617021,35.92640425531915,28.044,17.878,34.338,1.0,1.0,1.0,0,0.0,1,2,29.0,0.8103448275862069
2022_R03,2022,3,australian_grand_prix,Melbourne,2022-04-10 05:00:00,18,#18,Aston Martin,58,47,0,11,85.46155319148936,84.966,83.592,101.235,17.643,83.7587,87.2138,2.612803240636973,0.03057284993150777,1.5229999999999961,1.8695531914893593,-0.10771820074005563,-0.10771820074005563,101.235,84.49356666666667,-16.741433333333333,29.62497826086957,18.599021276595746,36.979361702127655,28.829,18.345,36.125,13.189655172413794,9.0,19.0,17,7.0,3,4,14.5,0.8103448275862069
2022_R03,2022,3,australian_grand_prix,Melbourne,2022-04-10 05:00:00,20,#20,Haas F1 Team,57,46,0,11,85.21876086956522,85.06,83.071,99.709,16.638000000000005,83.24625,87.12450000000001,2.4550459709186048,0.02880874992627818,1.5189999999999912,2.147760869565218,-0.10019728646314895,-0.10019728646314895,86.01368965517241,83.86270588235294,-2.1509837728194725,29.54271111111111,18.663891304347825,36.76860869565217,28.897,18.407,35.702,12.192982456140351,7.0,17.0,18,2.0,1,2,28.5,0.8070175438596491
2022_R03,2022,3,australian_grand_prix,Melbourne,2022-04-10 05:00:00,22,#22,AlphaTauri,57,46,0,11,85.80786956521739,85.12,83.342,100.786,17.444000000000003,83.647,90.08475,3.19619418551151,0.03724826407771697,1.8882499999999993,2.465869565217389,-0.11440024668516507,-0.11440024668516507,88.10476923076924,84.9030303030303,-3.20173892773893,29.710711111111117,18.640978260869566,37.2459347826087,28.807,18.419,35.977,14.350877192982455,11.0,17.0,10,-4.0,1,2,28.5,0.8070175438596491
2022_R03,2022,3,australian_grand_prix,Melbourne,2022-04-10 05:00:00,23,#23,Williams,58,47,0,11,85.48382978723404,84.946,82.589,101.69,19.101,82.6724,88.4802,3.5286219955939013,0.041278239456239915,3.0180000000000007,2.8948297872340447,-0.09653133672525406,-0.09653133672525406,85.44076086956522,87.465,2.024239130434779,29.565804347826084,18.49355319148936,37.15910638297872,28.405,18.188,35.596,11.327586206896552,7.0,20.0,12,10.0,1,2,29.0,0.8103448275862069
2022_R03,2022,3,australian_grand_prix,Melbourne,2022-04-10 05:00:00,24,#24,Alfa Romeo,58,47,0,11,85.6668085106383,84.889,82.541,100.432,17.891000000000005,82.7887,90.83739999999999,3.4556074570641417,0.040337763448197284,2.2959999999999923,3.125808510638308,-0.12643628584643787,-0.12643628584643787,87.8255625,84.5526129032258,-3.272949596774197,29.717782608695654,18.610212765957446,37.10776595744681,28.659,18.256,35.316,14.379310344827585,11.0,18.0,15,4.0,1,2,29.0,0.8103448275862069
2022_R03,2022,3,australian_grand_prix,Melbourne,2022-04-10 05:00:00,3,#3,McLaren,58,47,0,11,84.84348936170213,84.466,82.451,99.94,17.489000000000004,82.5943,89.73869999999998,3.107121454591052,0.03662180183732035,2.1865000000000094,2.3924893617021326,-0.11872132284921363,-0.11872132284921363,86.7935,83.83703225806451,-2.9564677419354837,29.384826086956526,18.559808510638295,36.72172340425532,28.603,18.318,35.498,7.120689655172414,4.0,9.0,5,1.0,1,2,29.0,0.8103448275862069
2022_R03,2022,3,australian_grand_prix,Melbourne,2022-04-10 05:00:00,31,#31,Alpine,58,47,0,11,85.05757446808511,84.541,82.469,101.475,19.006,82.8916,89.45029999999998,3.2669708729266835,0.038408935281272344,2.4055000000000035,2.5885744680851133,-0.1317858464384834,-0.1317858464384834,87.80441666666667,84.1158,-3.6886166666666753,29.43502173913043,18.468914893617022,36.967659574468094,28.617,18.147,35.47,9.551724137931034,7.0,17.0,7,1.0,1,2,29.0,0.8103448275862069
2022_R03,2022,3,australian_grand_prix,Melbourne,2022-04-10 05:00:00,4,#4,McLaren,58,47,0,11,84.78940425531916,84.526,82.248,99.107,16.858999999999995,82.4371,89.11319999999998,2.9607748593582026,0.034919161012650496,2.244000000000014,2.5414042553191507,-0.11120860314523669,-0.11120860314523669,86.7682,83.86184375,-2.9063562499999875,29.324804347826092,18.626382978723402,36.66768085106383,28.583,18.393,35.18,6.258620689655173,5.0,10.0,5,1.0,1,2,29.0,0.8103448275862069
2022_R03,2022,3,australian_grand_prix,Melbourne,2022-04-10 05:00:00,44,#44,Mercedes,58,47,0,11,83.99855319148938,83.285,81.886,98.399,16.513000000000005,81.92150000000001,86.7894,2.76892506853339,0.03296396144134937,2.3644999999999925,2.1125531914893827,-0.11452532377428315,-0.11452532377428315,86.04135294117647,82.84096666666666,-3.2003862745098104,28.99167391304348,18.502617021276595,36.358,28.257,18.057,35.201,4.155172413793103,2.0,6.0,7,-1.0,1,2,29.0,0.8103448275862069
2022_R03,2022,3,australian_grand_prix,Melbourne,2022-04-10 05:00:00,47,#47,Haas F1 Team,57,46,0,11,85.71497826086956,84.577,83.006,101.908,18.902,83.44375,90.78475,3.5334213164462716,0.041222915622663614,1.7902499999999861,2.708978260869557,-0.13178717237125842,-0.13178717237125842,89.66088888888889,84.75516216216215,-4.905726726726741,29.598555555555564,18.680021739130435,37.204499999999996,28.66,18.411,35.744,14.614035087719298,12.0,18.0,11,0.0,1,2,28.5,0.8070175438596491
2022_R03,2022,3,australian_grand_prix,Melbourne,2022-04-10 05:00:00,5,#5,Aston Martin,23,17,0,6,87.25605882352941,86.074,85.189,100.136,14.947000000000003,85.3314,94.71039999999999,3.8131074019523137,0.04370020206463959,1.2580000000000098,2.067058823529422,-0.4039558823529423,-0.4039558823529423,87.25605882352941,87.25605882352941,0.0,29.837625000000003,18.754823529411766,38.003,29.359,18.562,36.968,16.227272727272727,12.0,19.0,8,5.0,0,1,23.0,0.7391304347826086
2022_R03,2022,3,australian_grand_prix,Melbourne,2022-04-10 05:00:00,6,#6,Williams,57,46,0,11,86.13023913043479,85.1515,83.882,104.388,20.506,83.94225,91.695,3.9020646511232866,0.045304235661229715,1.5177500000000066,2.248239130434783,-0.15249256860931004,-0.15249256860931004,90.934,84.77524137931034,-6.158758620689653,29.73893333333334,18.638978260869564,37.496478260869566,28.893,18.325,36.416,17.473684210526315,16.0,19.0,8,2.0,2,3,19.0,0.8070175438596491
2022_R03,2022,3,australian_grand_prix,Melbourne,2022-04-10 05:00:00,63,#63,Mercedes,58,47,0,11,83.7386170212766,83.588,81.495,93.325,11.829999999999998,81.80760000000001,85.6146,1.9734424849594956,0.023566695452566126,2.4254999999999995,2.2436170212765916,-0.11265321461609602,-0.11265321461609602,85.42723529411764,82.78173333333332,-2.6455019607843155,28.937630434782612,18.509063829787234,36.12402127659574,28.206,18.107,35.182,3.6551724137931036,2.0,5.0,6,2.0,1,2,29.0,0.8103448275862069
2022_R03,2022,3,australian_grand_prix,Melbourne,2022-04-10 05:00:00,77,#77,Alfa Romeo,58,47,0,11,85.15297872340426,84.62,81.651,99.24,17.589,82.249,87.2187,3.19877247168729,0.03756500969951517,1.8980000000000103,3.501978723404264,-0.13195282146161025,-0.13195282146161025,87.29458823529411,83.93939999999999,-3.355188235294122,29.553630434782605,18.426191489361702,36.958872340425536,28.144,18.048,35.241,11.310344827586206,6.0,14.0,13,4.0,1,2,29.0,0.8103448275862069
2022_R04,2022,4,emilia_romagna_grand_prix,Imola,2022-04-24 13:00:00,1,#1,Red Bull Racing,63,56,0,7,84.71678571428572,80.93950000000001,78.446,114.738,36.292,79.5825,92.87625,6.889338056906314,0.08132199538520228,9.68225000000001,6.270785714285722,-0.23603670539986507,-0.23603670539986507,91.3252,82.162,-9.16319999999999,27.54192857142857,28.815767857142855,28.359089285714283,25.088,27.017,26.341,1.0,1.0,1.0,0,0.0,2,3,21.0,0.8888888888888888
2022_R04,2022,4,emilia_romagna_grand_prix,Imola,2022-04-24 13:00:00,10,#10,AlphaTauri,62,55,0,7,86.28454545454545,82.528,81.713,116.443,34.730000000000004,81.8962,96.17989999999999,6.8217810556367,0.07906144744345212,10.153000000000006,4.571545454545458,-0.304439754689753,-0.304439754689753,94.78969230769232,83.652,-11.137692307692319,27.66810909090909,29.65850909090909,28.95792727272727,25.627,28.217,27.257,13.112903225806452,12.0,16.0,4,1.0,1,2,31.0,0.8870967741935484
2022_R04,2022,4,emilia_romagna_grand_prix,Imola,2022-04-24 13:00:00,11,#11,Red Bull Racing,63,56,1,7,84.97407142857143,81.2995,78.949,117.071,38.122,79.828,93.78450000000001,7.14521411564703,0.08408699260283466,9.765500000000017,6.025071428571437,-0.2453790157211224,-0.2453790157211224,91.87407142857144,82.12116666666667,-9.752904761904773,27.59694642857143,28.872553571428572,28.504571428571428,25.32,27.083,26.546,2.0476190476190474,2.0,4.0,3,0.0,2,3,21.0,0.8888888888888888
2022_R04,2022,4,emilia_romagna_grand_prix,Imola,2022-04-24 13:00:00,16,#16,Ferrari,63,56,1,7,85.22812499999999,81.2085,78.574,116.684,38.11,78.95925,97.24974999999999,8.023665109168684,0.0941433958469541,10.022499999999994,6.654124999999993,-0.21651930963773172,-0.21651930963773172,91.68357142857143,82.5216,-9.16197142857142,28.185732142857148,28.815,28.22739285714286,24.853,27.084,26.252,3.8412698412698414,2.0,9.0,10,-2.0,3,4,15.75,0.8888888888888888
2022_R04,2022,4,emilia_romagna_grand_prix,Imola,2022-04-24 13:00:00,18,#18,Aston Martin,62,55,0,7,86.20607272727273,82.304,81.75,118.284,36.534000000000006,81.81009999999999,96.1665,6.966239130566968,0.08080914615616264,10.087000000000018,4.456072727272726,-0.2966590909090898,-0.2966590909090898,94.40192857142857,83.40748780487804,-10.994440766550525,27.80683636363636,29.385163636363636,29.01407272727273,26.073,28.14,27.379,10.048387096774194,9.0,11.0,3,1.0,1,2,31.0,0.8870967741935484
2022_R04,2022,4,emilia_romagna_grand_prix,Imola,2022-04-24 13:00:00,20,#20,Haas F1 Team,63,57,0,6,85.87924561403509,82.2,81.238,122.522,41.284000000000006,81.41159999999999,95.7166,7.199214102150074,0.0838294986253759,9.705000000000013,4.6412456140350855,-0.28493019185895824,-0.28493019185895824,93.91478571428571,83.26302325581395,-10.651762458471765,27.801350877192984,29.35961403508772,28.718280701754384,25.879,27.982,27.148,7.587301587301587,5.0,9.0,6,-4.0,1,2,31.5,0.9047619047619048
2022_R04,2022,4,emilia_romagna_grand_prix,Imola,2022-04-24 13:00:00,22,#22,AlphaTauri,63,56,0,7,85.60589285714286,81.7045,80.544,118.171,37.62700000000001,80.7205,96.12275,7.223045184253401,0.08437556041039199,11.002749999999992,5.061892857142865,-0.3159714285714299,-0.3159714285714299,94.41557142857143,82.66933333333334,-11.746238095238084,27.634839285714285,29.23205357142857,28.739,25.477,27.742,26.941,8.476190476190476,6.0,10.0,6,3.0,1,2,31.5,0.8888888888888888
2022_R04,2022,4,emilia_romagna_grand_prix,Imola,2022-04-24 13:00:00,23,#23,Williams,62,55,0,7,86.27541818181817,82.434,81.757,116.43,34.673,81.9773,96.4039,6.833649281831102,0.07920737361631516,8.78500000000001,4.518418181818163,-0.3041248917748918,-0.3041248917748918,94.97384615384615,83.58304761904762,-11.390798534798535,27.723981818181816,29.653181818181814,28.89825454545455,25.828,28.408,27.394,12.774193548387096,12.0,17.0,4,3.0,1,2,31.0,0.8870967741935484
2022_R04,2022,4,emilia_romagna_grand_prix,Imola,2022-04-24 13:00:00,24,#24,Alfa Romeo,62,56,0,6,86.34110714285714,82.64,81.286,122.603,41.31699999999999,81.3865,96.441,7.497829071692132,0.08683962158704395,11.375,5.055107142857139,-0.320253930280247,-0.320253930280247,94.98221428571428,83.4607380952381,-11.521476190476179,27.80044642857143,29.568160714285714,28.9725,25.7,28.064,27.237,16.129032258064516,13.0,18.0,8,3.0,1,2,31.0,0.9032258064516129
2022_R04,2022,4,emilia_romagna_grand_prix,Imola,2022-04-24 13:00:00,3,#3,McLaren,62,54,1,8,87.20424074074077,83.4205,81.577,117.356,35.778999999999996,81.7392,99.61314999999999,7.667874340598868,0.08793006252294022,9.829750000000004,5.627240740740774,-0.31635871926815595,-0.31635871926815595,95.51083333333334,83.56056666666667,-11.950266666666664,28.329814814814814,29.579703703703704,29.294722222222223,25.939,28.199,27.385,17.467741935483872,15.0,19.0,5,1.0,3,4,15.5,0.8709677419354839
2022_R04,2022,4,emilia_romagna_grand_prix,Imola,2022-04-24 13:00:00,31,#31,Alpine,62,55,0,7,86.26096363636364,82.293,81.887,117.412,35.525000000000006,81.9346,96.2413,6.894068959146551,0.07992107517148499,10.401499999999984,4.373963636363641,-0.29843145743145577,-0.29843145743145577,94.48057142857144,83.45426829268293,-11.026303135888512,27.814854545454537,29.472200000000004,28.97390909090909,26.113,28.21,27.349,11.35483870967742,11.0,13.0,2,2.0,1,2,31.0,0.8870967741935484
2022_R04,2022,4,emilia_romagna_grand_prix,Imola,2022-04-24 13:00:00,4,#4,McLaren,63,57,0,6,85.17728070175438,81.768,80.903,115.724,34.821,81.0462,93.2086,6.328094530274119,0.07429322089339464,9.763000000000005,4.274280701754378,-0.2632631578947367,-0.2632631578947367,92.4314,82.58652380952381,-9.844876190476185,27.38778947368421,29.215140350877196,28.57435087719298,25.691,27.826,27.216,3.6825396825396823,3.0,4.0,6,0.0,1,2,31.5,0.9047619047619048
2022_R04,2022,4,emilia_romagna_grand_prix,Imola,2022-04-24 13:00:00,44,#44,Mercedes,62,55,0,7,86.31885454545453,82.587,81.419,121.411,39.992000000000004,81.8093,96.60149999999999,7.233434864669353,0.08379901358468918,9.792999999999992,4.899854545454531,-0.29849206349206253,-0.29849206349206253,94.44807142857142,83.5430243902439,-10.905047038327524,27.779436363636368,29.544236363636365,28.99518181818182,25.605,28.187,27.373,13.193548387096774,10.0,14.0,3,-2.0,1,2,31.0,0.8870967741935484
2022_R04,2022,4,emilia_romagna_grand_prix,Imola,2022-04-24 13:00:00,47,#47,Haas F1 Team,62,54,3,8,86.36529629629631,82.161,78.999,120.415,41.41600000000001,79.75215,98.70054999999999,7.983922445055768,0.09244364099284809,11.578249999999997,7.366296296296312,-0.32254690299218775,-0.32254690299218775,94.98438461538461,82.5805,-12.403884615384612,28.328500000000002,29.270092592592597,28.76670370370371,25.091,27.331,26.42,16.951612903225808,14.0,18.0,9,0.0,2,3,20.666666666666668,0.8709677419354839
2022_R04,2022,4,emilia_romagna_grand_prix,Imola,2022-04-24 13:00:00,5,#5,Aston Martin,63,56,1,7,85.61194642857143,82.207,81.211,116.94,35.729,81.38075,95.841,6.663268429285607,0.07783105871614504,6.3629999999999995,4.40094642857143,-0.2822321599453195,-0.2822321599453195,94.05416666666667,83.30952272727274,-10.744643939393939,27.593875,29.199785714285714,28.818285714285715,25.893,27.956,27.236,7.555555555555555,7.0,15.0,5,1.0,1,2,31.5,0.8888888888888888
2022_R04,2022,4,emilia_romagna_grand_prix,Imola,2022-04-24 13:00:00,6,#6,Williams,62,55,1,7,86.25245454545453,82.75,81.338,121.47,40.132000000000005,81.4408,96.51089999999999,7.325120324680257,0.0849265144195979,9.051500000000004,4.914454545454532,-0.31889632034631904,-0.31889632034631904,94.96207692307692,83.55661904761905,-11.40545787545787,27.86096363636363,29.46974545454545,28.921745454545448,25.837,28.086,27.083,15.580645161290322,12.0,16.0,6,0.0,1,2,31.0,0.8870967741935484
2022_R04,2022,4,emilia_romagna_grand_prix,Imola,2022-04-24 13:00:00,63,#63,Mercedes,63,57,0,6,85.30843859649123,81.842,80.962,116.44,35.477999999999994,81.13640000000001,94.0776,6.529668619948555,0.07654188410168748,9.046999999999997,4.346438596491225,-0.27155114078299136,-0.27155114078299136,93.12614285714287,82.76313953488372,-10.363003322259146,27.63775438596491,29.0790701754386,28.59161403508772,25.795,27.924,26.96,5.0,4.0,6.0,2,2.0,1,2,31.5,0.9047619047619048
2022_R04,2022,4,emilia_romagna_grand_prix,Imola,2022-04-24 13:00:00,77,#77,Alfa Romeo,63,57,0,6,85.29328070175438,81.617,80.758,125.391,44.63300000000001,80.86840000000001,94.27239999999999,7.474083856314972,0.08762804988648114,9.974000000000004,4.535280701754388,-0.28966599688877354,-0.28966599688877354,93.1745,82.72730232558139,-10.447197674418604,27.09530357142857,29.029614035087718,28.49956140350877,25.705,27.757,26.937,6.031746031746032,5.0,7.0,2,2.0,1,2,31.5,0.9047619047619048
2022_R05,2022,5,miami_grand_prix,Miami,2022-05-08 19:30:00,1,#1,Red Bull Racing,57,47,0,10,93.76306382978724,93.286,91.456,108.047,16.590999999999994,91.7884,96.8941,2.517383997623199,0.026848354723061647,1.7059999999999889,2.3070638297872392,-0.06994784921369132,-0.06994784921369132,94.32696,93.12227272727273,-1.20468727272727,31.70091304347826,35.742872340425535,26.243787234042546,30.364,35.156,25.757,1.1578947368421053,1.0,2.0,3,1.0,1,2,28.5,0.8245614035087719
2022_R05,2022,5,miami_grand_prix,Miami,2022-05-08 19:30:00,10,#10,AlphaTauri,45,37,1,8,96.0811891891892,95.253,94.487,110.83,16.343000000000004,94.5432,100.26939999999999,2.856383658072231,0.029728854130311115,0.9409999999999883,1.5941891891892084,-0.06348269321953456,-0.06348269321953456,96.4389375,95.80861904761905,-0.6303184523809477,33.08011111111111,36.32964864864864,26.552675675675676,31.882,36.039,26.168,9.511111111111111,6.0,18.0,8,-12.0,2,3,15.0,0.8222222222222222
2022_R05,2022,5,miami_grand_prix,Miami,2022-05-08 19:30:00,11,#11,Red Bull Racing,57,46,0,11,94.58497826086958,94.143,91.956,108.374,16.417999999999992,92.6115,98.8165,2.5660399536954506,0.027129466019627325,1.2939999999999827,2.628978260869573,-0.057514461917974685,-0.057514461917974685,95.05111538461539,92.804,-2.247115384615384,32.030022222222215,36.05419565217391,26.40717391304348,30.616,35.442,25.729,3.9649122807017543,3.0,4.0,2,0.0,2,3,19.0,0.8070175438596491
2022_R05,2022,5,miami_grand_prix,Miami,2022-05-08 19:30:00,14,#14,Alpine,57,44,2,13,95.66947727272728,94.98150000000001,93.331,113.03,19.698999999999998,93.8954,100.56145000000001,3.085523667353249,0.03225191310032219,1.265500000000003,2.3384772727272747,-0.09577019027484078,-0.09577019027484078,96.62792857142857,95.2222,-1.4057285714285683,32.656627906976745,36.310613636363634,26.581999999999997,31.377,35.118,26.067,9.175438596491228,7.0,13.0,8,-1.0,1,2,28.5,0.7719298245614035
2022_R05,2022,5,miami_grand_prix,Miami,2022-05-08 19:30:00,16,#16,Ferrari,57,47,0,10,93.96136170212766,93.358,91.488,111.128,19.64,91.88929999999999,96.5012,2.8995525773705446,0.030858988469777436,1.7724999999999937,2.4733617021276615,-0.07379405642923262,-0.07379405642923262,94.6063043478261,93.34329166666667,-1.2630126811594238,31.66886956521739,35.95608510638298,26.285744680851057,30.462,35.329,25.62,1.9649122807017543,1.0,4.0,5,-1.0,1,2,28.5,0.8245614035087719
2022_R05,2022,5,miami_grand_prix,Miami,2022-05-08 19:30:00,18,#18,Aston Martin,57,45,0,12,95.73548888888891,95.055,93.312,113.387,20.075000000000003,93.6548,97.4396,2.918764461690645,0.030487800245927378,1.61399999999999,2.4234888888889117,-0.1269101449275354,-0.1269101449275354,96.08602702702703,94.11425,-1.9717770270270307,32.63536363636364,36.33771111111111,26.387355555555555,31.834,35.658,25.82,13.771929824561404,10.0,19.0,15,7.0,1,2,28.5,0.7894736842105263
2022_R05,2022,5,miami_grand_prix,Miami,2022-05-08 19:30:00,20,#20,Haas F1 Team,57,44,1,13,95.89597727272727,95.056,93.511,110.202,16.691000000000003,93.75105,100.9291,2.9639397060107004,0.030907862772817714,1.383499999999998,2.3849772727272693,-0.10748167723749033,-0.10748167723749033,97.46458333333334,94.49371428571429,-2.970869047619047,32.706697674418606,36.43568181818182,26.58093181818182,31.584,35.815,25.924,13.210526315789474,10.0,18.0,22,-2.0,2,3,19.0,0.7719298245614035
2022_R05,2022,5,miami_grand_prix,Miami,2022-05-08 19:30:00,22,#22,AlphaTauri,57,45,0,12,96.1412888888889,95.73,93.035,111.044,18.009,93.3446,100.91159999999999,2.9615843473493455,0.03080450014324301,1.6389999999999958,3.1062888888888978,-0.12886640316205433,-0.12886640316205433,97.97681818181817,93.75771428571429,-4.2191038961038885,32.82406818181818,36.47648888888888,26.693177777777777,31.329,35.607,25.962,16.350877192982455,10.0,19.0,13,-3.0,2,3,19.0,0.7894736842105263
2022_R05,2022,5,miami_grand_prix,Miami,2022-05-08 19:30:00,23,#23,Williams,57,46,0,11,95.94943478260869,95.04849999999999,93.447,111.738,18.290999999999997,93.651,100.13725,3.195249937378739,0.03330139405842435,1.6472500000000139,2.502434782608688,-0.11742386679000588,-0.11742386679000588,97.4014375,95.17503333333333,-2.2264041666666685,32.93715555555555,36.280369565217384,26.54960869565217,31.652,35.567,25.989,14.43859649122807,10.0,19.0,15,6.0,1,2,28.5,0.8070175438596491
2022_R05,2022,5,miami_grand_prix,Miami,2022-05-08 19:30:00,24,#24,Alfa Romeo,6,6,0,0,102.17216666666667,97.107,95.731,121.705,25.974000000000004,95.76899999999999,117.65375,10.249379735704336,0.10031479286470062,7.4027499999999975,6.441166666666675,2.1490571428571514,2.1490571428571514,102.17216666666667,102.17216666666667,0.0,33.2222,37.223166666666664,30.44666666666667,32.737,36.503,26.476,15.0,14.0,20.0,1,-6.0,0,1,6.0,1.0
2022_R05,2022,5,miami_grand_prix,Miami,2022-05-08 19:30:00,3,#3,McLaren,57,46,0,11,96.05819565217392,95.434,93.365,111.887,18.522000000000006,93.64425,100.02525,3.0140463287714536,0.03137729486076644,1.4457500000000039,2.6931956521739266,-0.07684199814985729,-0.07684199814985729,96.43544827586207,94.151375,-2.2840732758620703,32.61875555555555,36.52326086956522,26.76004347826088,31.047,35.64,25.98,12.403508771929825,8.0,17.0,15,0.0,2,3,19.0,0.8070175438596491
2022_R05,2022,5,miami_grand_prix,Miami,2022-05-08 19:30:00,31,#31,Alpine,57,46,0,11,95.57391304347826,94.979,93.259,107.446,14.186999999999998,93.82724999999999,97.31725,2.0622318204216077,0.021577350500271576,1.5704999999999956,2.3149130434782563,-0.1031477027443696,-0.1031477027443696,95.89526315789473,94.0475,-1.8477631578947324,32.56679999999999,36.376,26.422456521739136,31.649,35.458,25.978,10.87719298245614,8.0,18.0,12,9.0,1,2,28.5,0.8070175438596491
2022_R05,2022,5,miami_grand_prix,Miami,2022-05-08 19:30:00,4,#4,McLaren,40,37,0,3,95.62710810810813,95.474,93.411,102.873,9.462000000000003,93.8408,97.49619999999999,1.654338685997516,0.01729989245442053,1.2979999999999876,2.2161081081081306,-0.09861190137505814,-0.09861190137505814,96.6463888888889,94.66147368421052,-1.984915204678373,32.356833333333334,36.435,26.655378378378376,31.638,35.884,25.819,12.282051282051283,7.0,16.0,6,-5.0,1,2,20.0,0.925
2022_R05,2022,5,miami_grand_prix,Miami,2022-05-08 19:30:00,44,#44,Mercedes,57,46,0,11,95.05069565217391,94.73150000000001,92.941,109.237,16.295999999999992,93.125,99.09075,2.7069226879701125,0.028478725688402703,1.8077499999999986,2.1096956521739116,-0.08458711069996597,-0.08458711069996597,95.91161904761904,94.32752,-1.5840990476190342,32.118177777777774,36.310804347826085,26.48258695652174,30.945,35.734,25.805,6.4035087719298245,5.0,8.0,6,2.0,1,2,28.5,0.8070175438596491
2022_R05,2022,5,miami_grand_prix,Miami,2022-05-08 19:30:00,47,#47,Haas F1 Team,57,45,0,12,96.40159999999999,94.988,92.528,121.556,29.02799999999999,93.8488,103.7644,4.912882561555523,0.05096266619595031,1.6430000000000007,3.873599999999982,-0.03523135704874906,-0.03523135704874906,97.24835714285713,107.042,9.79364285714287,33.28247727272728,36.40482222222222,26.56075555555555,31.179,35.451,25.898,12.298245614035087,9.0,18.0,14,-4.0,2,3,19.0,0.7894736842105263
2022_R05,2022,5,miami_grand_prix,Miami,2022-05-08 19:30:00,5,#5,Aston Martin,54,42,1,12,95.89278571428571,95.2655,93.479,114.106,20.626999999999995,93.63875,97.3845,3.121556807777359,0.03255257196383985,1.8827500000000015,2.4137857142857087,-0.13452645652702322,-0.13452645652702322,96.19858333333333,94.05799999999999,-2.140583333333339,32.76956097560976,36.36554761904762,26.34466666666667,31.583,35.624,25.892,14.925925925925926,9.0,20.0,17,3.0,1,2,27.0,0.7777777777777778
2022_R05,2022,5,miami_grand_prix,Miami,2022-05-08 19:30:00,55,#55,Ferrari,57,47,0,10,94.3928085106383,93.904,91.894,112.158,20.263999999999996,92.3288,97.49259999999998,2.9752971838288533,0.031520379897304676,1.3614999999999924,2.4988085106382982,-0.05853052728954716,-0.05853052728954716,94.7801923076923,93.91319047619048,-0.867001831501824,31.890152173913037,36.028553191489365,26.391468085106375,30.476,35.424,25.841,2.912280701754386,1.0,3.0,3,0.0,1,2,28.5,0.8245614035087719
2022_R05,2022,5,miami_grand_prix,Miami,2022-05-08 19:30:00,6,#6,Williams,57,44,1,13,97.07115909090908,96.62450000000001,94.301,114.001,19.700000000000003,94.71245,99.19874999999999,3.3027666340838793,0.03402418045704773,1.8419999999999987,2.7701590909090754,-0.07176004228329663,-0.07176004228329663,97.16084375,96.832,-0.3288437500000043,33.34467441860465,36.73061363636364,26.802340909090912,31.609,35.93,26.16,17.385964912280702,14.0,19.0,13,3.0,1,2,28.5,0.7719298245614035
2022_R05,2022,5,miami_grand_prix,Miami,2022-05-08 19:30:00,63,#63,Mercedes,57,46,0,11,94.96643478260867,94.5025,92.244,106.166,13.921999999999997,92.474,97.47,2.1527253594989664,0.022668276053816834,1.6570000000000107,2.7224347826086728,-0.11514893617021076,-0.11514893617021076,95.30918421052631,93.338375,-1.970809210526312,31.916644444444444,36.3585652173913,26.502347826086954,30.654,35.493,26.015,7.9298245614035086,5.0,15.0,15,10.0,1,2,28.5,0.8070175438596491
2022_R05,2022,5,miami_grand_prix,Miami,2022-05-08 19:30:00,77,#77,Alfa Romeo,57,46,0,11,95.13108695652176,94.4735,93.317,110.508,17.191000000000003,93.51075,98.396,2.665994455492166,0.02802442966630476,1.6274999999999977,1.8140869565217628,-0.05533172987973836,-0.05533172987973836,95.49512,94.69771428571428,-0.7974057142857163,32.24582222222222,36.28702173913044,26.497086956521738,31.116,35.865,26.036,5.543859649122807,5.0,7.0,3,-2.0,1,2,28.5,0.8070175438596491
